,Hunk_Type,Size
0,Buggy_Hunk,12
1,Fixed_Hunk,6
2,Buggy_Hunk,27
3,Fixed_Hunk,13
4,Buggy_Hunk,6
5,Fixed_Hunk,7
6,Buggy_Hunk,6
7,Fixed_Hunk,7
8,Buggy_Hunk,6
9,Fixed_Hunk,63
10,Buggy_Hunk,7
11,Fixed_Hunk,7
12,Buggy_Hunk,7
13,Fixed_Hunk,7
14,Buggy_Hunk,7
15,Fixed_Hunk,7
16,Buggy_Hunk,7
17,Fixed_Hunk,7
18,Buggy_Hunk,7
19,Fixed_Hunk,7
20,Buggy_Hunk,7
21,Fixed_Hunk,7
22,Buggy_Hunk,7
23,Fixed_Hunk,7
24,Buggy_Hunk,7
25,Fixed_Hunk,7
26,Buggy_Hunk,7
27,Fixed_Hunk,7
28,Buggy_Hunk,6
29,Fixed_Hunk,11
30,Buggy_Hunk,6
31,Fixed_Hunk,9
32,Buggy_Hunk,4
33,Fixed_Hunk,26
34,Buggy_Hunk,22
35,Fixed_Hunk,51
36,Buggy_Hunk,32
37,Fixed_Hunk,43
38,Buggy_Hunk,7
39,Fixed_Hunk,7
40,Buggy_Hunk,11
41,Fixed_Hunk,10
42,Buggy_Hunk,18
43,Fixed_Hunk,24
44,Buggy_Hunk,7
45,Fixed_Hunk,8
46,Buggy_Hunk,7
47,Fixed_Hunk,8
48,Buggy_Hunk,7
49,Fixed_Hunk,8
50,Buggy_Hunk,7
51,Fixed_Hunk,8
52,Buggy_Hunk,7
53,Fixed_Hunk,8
54,Buggy_Hunk,7
55,Fixed_Hunk,8
56,Buggy_Hunk,7
57,Fixed_Hunk,8
58,Buggy_Hunk,7
59,Fixed_Hunk,7
60,Buggy_Hunk,6
61,Fixed_Hunk,10
62,Buggy_Hunk,7
63,Fixed_Hunk,10
64,Buggy_Hunk,7
65,Fixed_Hunk,7
66,Buggy_Hunk,10
67,Fixed_Hunk,10
68,Buggy_Hunk,12
69,Fixed_Hunk,12
70,Buggy_Hunk,7
71,Fixed_Hunk,7
72,Buggy_Hunk,7
73,Fixed_Hunk,7
74,Buggy_Hunk,7
75,Fixed_Hunk,7
76,Buggy_Hunk,7
77,Fixed_Hunk,7
78,Buggy_Hunk,7
79,Fixed_Hunk,7
80,Buggy_Hunk,7
81,Fixed_Hunk,7
82,Buggy_Hunk,7
83,Fixed_Hunk,7
84,Buggy_Hunk,7
85,Fixed_Hunk,7
86,Buggy_Hunk,7
87,Fixed_Hunk,7
88,Buggy_Hunk,7
89,Fixed_Hunk,7
90,Buggy_Hunk,7
91,Fixed_Hunk,7
92,Buggy_Hunk,7
93,Fixed_Hunk,7
94,Buggy_Hunk,7
95,Fixed_Hunk,7
96,Buggy_Hunk,7
97,Fixed_Hunk,7
98,Buggy_Hunk,7
99,Fixed_Hunk,7
100,Buggy_Hunk,7
101,Fixed_Hunk,7
102,Buggy_Hunk,7
103,Fixed_Hunk,7
104,Buggy_Hunk,7
105,Fixed_Hunk,7
106,Buggy_Hunk,7
107,Fixed_Hunk,7
108,Buggy_Hunk,7
109,Fixed_Hunk,7
110,Buggy_Hunk,7
111,Fixed_Hunk,7
112,Buggy_Hunk,7
113,Fixed_Hunk,7
114,Buggy_Hunk,7
115,Fixed_Hunk,7
116,Buggy_Hunk,7
117,Fixed_Hunk,7
118,Buggy_Hunk,7
119,Fixed_Hunk,7
120,Buggy_Hunk,7
121,Fixed_Hunk,7
122,Buggy_Hunk,7
123,Fixed_Hunk,7
124,Buggy_Hunk,7
125,Fixed_Hunk,7
126,Buggy_Hunk,7
127,Fixed_Hunk,7
128,Buggy_Hunk,7
129,Fixed_Hunk,7
130,Buggy_Hunk,7
131,Fixed_Hunk,7
132,Buggy_Hunk,7
133,Fixed_Hunk,7
134,Buggy_Hunk,7
135,Fixed_Hunk,7
136,Buggy_Hunk,7
137,Fixed_Hunk,7
138,Buggy_Hunk,7
139,Fixed_Hunk,7
140,Buggy_Hunk,7
141,Fixed_Hunk,7
142,Buggy_Hunk,7
143,Fixed_Hunk,7
144,Buggy_Hunk,7
145,Fixed_Hunk,7
146,Buggy_Hunk,7
147,Fixed_Hunk,7
148,Buggy_Hunk,7
149,Fixed_Hunk,7
150,Buggy_Hunk,7
151,Fixed_Hunk,7
152,Buggy_Hunk,7
153,Fixed_Hunk,7
154,Buggy_Hunk,7
155,Fixed_Hunk,7
156,Buggy_Hunk,7
157,Fixed_Hunk,7
158,Buggy_Hunk,7
159,Fixed_Hunk,7
160,Buggy_Hunk,7
161,Fixed_Hunk,7
162,Buggy_Hunk,7
163,Fixed_Hunk,7
164,Buggy_Hunk,7
165,Fixed_Hunk,7
166,Buggy_Hunk,7
167,Fixed_Hunk,7
168,Buggy_Hunk,7
169,Fixed_Hunk,7
170,Buggy_Hunk,7
171,Fixed_Hunk,7
172,Buggy_Hunk,7
173,Fixed_Hunk,7
174,Buggy_Hunk,7
175,Fixed_Hunk,7
176,Buggy_Hunk,7
177,Fixed_Hunk,7
178,Buggy_Hunk,7
179,Fixed_Hunk,7
180,Buggy_Hunk,7
181,Fixed_Hunk,7
182,Buggy_Hunk,7
183,Fixed_Hunk,7
184,Buggy_Hunk,7
185,Fixed_Hunk,7
186,Buggy_Hunk,7
187,Fixed_Hunk,7
188,Buggy_Hunk,7
189,Fixed_Hunk,7
190,Buggy_Hunk,7
191,Fixed_Hunk,7
192,Buggy_Hunk,7
193,Fixed_Hunk,7
194,Buggy_Hunk,7
195,Fixed_Hunk,7
196,Buggy_Hunk,7
197,Fixed_Hunk,7
198,Buggy_Hunk,7
199,Fixed_Hunk,7
200,Buggy_Hunk,7
201,Fixed_Hunk,7
202,Buggy_Hunk,7
203,Fixed_Hunk,7
204,Buggy_Hunk,7
205,Fixed_Hunk,7
206,Buggy_Hunk,7
207,Fixed_Hunk,7
208,Buggy_Hunk,7
209,Fixed_Hunk,7
210,Buggy_Hunk,7
211,Fixed_Hunk,7
212,Buggy_Hunk,7
213,Fixed_Hunk,7
214,Buggy_Hunk,7
215,Fixed_Hunk,7
216,Buggy_Hunk,7
217,Fixed_Hunk,7
218,Buggy_Hunk,7
219,Fixed_Hunk,7
220,Buggy_Hunk,7
221,Fixed_Hunk,7
222,Buggy_Hunk,7
223,Fixed_Hunk,7
224,Buggy_Hunk,7
225,Fixed_Hunk,7
226,Buggy_Hunk,7
227,Fixed_Hunk,7
228,Buggy_Hunk,7
229,Fixed_Hunk,7
230,Buggy_Hunk,7
231,Fixed_Hunk,7
232,Buggy_Hunk,7
233,Fixed_Hunk,7
234,Buggy_Hunk,7
235,Fixed_Hunk,7
236,Buggy_Hunk,7
237,Fixed_Hunk,7
238,Buggy_Hunk,7
239,Fixed_Hunk,7
240,Buggy_Hunk,7
241,Fixed_Hunk,7
242,Buggy_Hunk,7
243,Fixed_Hunk,7
244,Buggy_Hunk,7
245,Fixed_Hunk,7
246,Buggy_Hunk,7
247,Fixed_Hunk,7
248,Buggy_Hunk,7
249,Fixed_Hunk,7
250,Buggy_Hunk,7
251,Fixed_Hunk,7
252,Buggy_Hunk,7
253,Fixed_Hunk,7
254,Buggy_Hunk,7
255,Fixed_Hunk,7
256,Buggy_Hunk,7
257,Fixed_Hunk,7
258,Buggy_Hunk,7
259,Fixed_Hunk,7
260,Buggy_Hunk,7
261,Fixed_Hunk,7
262,Buggy_Hunk,7
263,Fixed_Hunk,7
264,Buggy_Hunk,7
265,Fixed_Hunk,7
266,Buggy_Hunk,7
267,Fixed_Hunk,7
268,Buggy_Hunk,7
269,Fixed_Hunk,7
270,Buggy_Hunk,7
271,Fixed_Hunk,7
272,Buggy_Hunk,7
273,Fixed_Hunk,7
274,Buggy_Hunk,7
275,Fixed_Hunk,7
276,Buggy_Hunk,7
277,Fixed_Hunk,7
278,Buggy_Hunk,7
279,Fixed_Hunk,7
280,Buggy_Hunk,7
281,Fixed_Hunk,7
282,Buggy_Hunk,7
283,Fixed_Hunk,7
284,Buggy_Hunk,7
285,Fixed_Hunk,7
286,Buggy_Hunk,7
287,Fixed_Hunk,7
288,Buggy_Hunk,7
289,Fixed_Hunk,7
290,Buggy_Hunk,7
291,Fixed_Hunk,7
292,Buggy_Hunk,7
293,Fixed_Hunk,7
294,Buggy_Hunk,7
295,Fixed_Hunk,7
296,Buggy_Hunk,7
297,Fixed_Hunk,7
298,Buggy_Hunk,7
299,Fixed_Hunk,7
300,Buggy_Hunk,7
301,Fixed_Hunk,7
302,Buggy_Hunk,7
303,Fixed_Hunk,7
304,Buggy_Hunk,7
305,Fixed_Hunk,7
306,Buggy_Hunk,7
307,Fixed_Hunk,7
308,Buggy_Hunk,7
309,Fixed_Hunk,7
310,Buggy_Hunk,7
311,Fixed_Hunk,7
312,Buggy_Hunk,7
313,Fixed_Hunk,7
314,Buggy_Hunk,7
315,Fixed_Hunk,7
316,Buggy_Hunk,7
317,Fixed_Hunk,7
318,Buggy_Hunk,7
319,Fixed_Hunk,7
320,Buggy_Hunk,7
321,Fixed_Hunk,7
322,Buggy_Hunk,7
323,Fixed_Hunk,7
324,Buggy_Hunk,7
325,Fixed_Hunk,7
326,Buggy_Hunk,7
327,Fixed_Hunk,7
328,Buggy_Hunk,7
329,Fixed_Hunk,7
330,Buggy_Hunk,7
331,Fixed_Hunk,7
332,Buggy_Hunk,7
333,Fixed_Hunk,7
334,Buggy_Hunk,7
335,Fixed_Hunk,7
336,Buggy_Hunk,7
337,Fixed_Hunk,7
338,Buggy_Hunk,7
339,Fixed_Hunk,7
340,Buggy_Hunk,7
341,Fixed_Hunk,7
342,Buggy_Hunk,7
343,Fixed_Hunk,7
344,Buggy_Hunk,7
345,Fixed_Hunk,7
346,Buggy_Hunk,7
347,Fixed_Hunk,7
348,Buggy_Hunk,7
349,Fixed_Hunk,7
350,Buggy_Hunk,7
351,Fixed_Hunk,7
352,Buggy_Hunk,7
353,Fixed_Hunk,7
354,Buggy_Hunk,7
355,Fixed_Hunk,7
356,Buggy_Hunk,7
357,Fixed_Hunk,7
358,Buggy_Hunk,7
359,Fixed_Hunk,7
360,Buggy_Hunk,7
361,Fixed_Hunk,7
362,Buggy_Hunk,7
363,Fixed_Hunk,7
364,Buggy_Hunk,7
365,Fixed_Hunk,7
366,Buggy_Hunk,7
367,Fixed_Hunk,7
368,Buggy_Hunk,7
369,Fixed_Hunk,7
370,Buggy_Hunk,7
371,Fixed_Hunk,7
372,Buggy_Hunk,7
373,Fixed_Hunk,7
374,Buggy_Hunk,7
375,Fixed_Hunk,7
376,Buggy_Hunk,7
377,Fixed_Hunk,7
378,Buggy_Hunk,7
379,Fixed_Hunk,7
380,Buggy_Hunk,7
381,Fixed_Hunk,7
382,Buggy_Hunk,7
383,Fixed_Hunk,7
384,Buggy_Hunk,7
385,Fixed_Hunk,7
386,Buggy_Hunk,7
387,Fixed_Hunk,7
388,Buggy_Hunk,7
389,Fixed_Hunk,7
390,Buggy_Hunk,7
391,Fixed_Hunk,7
392,Buggy_Hunk,7
393,Fixed_Hunk,7
394,Buggy_Hunk,7
395,Fixed_Hunk,7
396,Buggy_Hunk,7
397,Fixed_Hunk,7
398,Buggy_Hunk,7
399,Fixed_Hunk,7
400,Buggy_Hunk,7
401,Fixed_Hunk,7
402,Buggy_Hunk,7
403,Fixed_Hunk,7
404,Buggy_Hunk,7
405,Fixed_Hunk,7
406,Buggy_Hunk,7
407,Fixed_Hunk,7
408,Buggy_Hunk,7
409,Fixed_Hunk,7
410,Buggy_Hunk,7
411,Fixed_Hunk,7
412,Buggy_Hunk,7
413,Fixed_Hunk,7
414,Buggy_Hunk,7
415,Fixed_Hunk,7
416,Buggy_Hunk,7
417,Fixed_Hunk,7
418,Buggy_Hunk,7
419,Fixed_Hunk,7
420,Buggy_Hunk,7
421,Fixed_Hunk,7
422,Buggy_Hunk,7
423,Fixed_Hunk,7
424,Buggy_Hunk,7
425,Fixed_Hunk,7
426,Buggy_Hunk,7
427,Fixed_Hunk,7
428,Buggy_Hunk,7
429,Fixed_Hunk,7
430,Buggy_Hunk,7
431,Fixed_Hunk,7
432,Buggy_Hunk,7
433,Fixed_Hunk,7
434,Buggy_Hunk,7
435,Fixed_Hunk,7
436,Buggy_Hunk,7
437,Fixed_Hunk,7
438,Buggy_Hunk,7
439,Fixed_Hunk,7
440,Buggy_Hunk,7
441,Fixed_Hunk,7
442,Buggy_Hunk,7
443,Fixed_Hunk,7
444,Buggy_Hunk,7
445,Fixed_Hunk,7
446,Buggy_Hunk,7
447,Fixed_Hunk,7
448,Buggy_Hunk,7
449,Fixed_Hunk,7
450,Buggy_Hunk,7
451,Fixed_Hunk,7
452,Buggy_Hunk,7
453,Fixed_Hunk,7
454,Buggy_Hunk,7
455,Fixed_Hunk,7
456,Buggy_Hunk,7
457,Fixed_Hunk,7
458,Buggy_Hunk,7
459,Fixed_Hunk,7
460,Buggy_Hunk,7
461,Fixed_Hunk,7
462,Buggy_Hunk,7
463,Fixed_Hunk,7
464,Buggy_Hunk,7
465,Fixed_Hunk,7
466,Buggy_Hunk,7
467,Fixed_Hunk,7
468,Buggy_Hunk,7
469,Fixed_Hunk,7
470,Buggy_Hunk,7
471,Fixed_Hunk,7
472,Buggy_Hunk,7
473,Fixed_Hunk,7
474,Buggy_Hunk,7
475,Fixed_Hunk,7
476,Buggy_Hunk,7
477,Fixed_Hunk,7
478,Buggy_Hunk,7
479,Fixed_Hunk,7
480,Buggy_Hunk,7
481,Fixed_Hunk,7
482,Buggy_Hunk,7
483,Fixed_Hunk,7
484,Buggy_Hunk,7
485,Fixed_Hunk,7
486,Buggy_Hunk,7
487,Fixed_Hunk,7
488,Buggy_Hunk,7
489,Fixed_Hunk,7
490,Buggy_Hunk,7
491,Fixed_Hunk,7
492,Buggy_Hunk,7
493,Fixed_Hunk,7
494,Buggy_Hunk,7
495,Fixed_Hunk,7
496,Buggy_Hunk,7
497,Fixed_Hunk,7
498,Buggy_Hunk,7
499,Fixed_Hunk,7
500,Buggy_Hunk,7
501,Fixed_Hunk,7
502,Buggy_Hunk,7
503,Fixed_Hunk,7
504,Buggy_Hunk,7
505,Fixed_Hunk,7
506,Buggy_Hunk,7
507,Fixed_Hunk,7
508,Buggy_Hunk,7
509,Fixed_Hunk,7
510,Buggy_Hunk,7
511,Fixed_Hunk,7
512,Buggy_Hunk,7
513,Fixed_Hunk,7
514,Buggy_Hunk,7
515,Fixed_Hunk,7
516,Buggy_Hunk,7
517,Fixed_Hunk,7
518,Buggy_Hunk,7
519,Fixed_Hunk,7
520,Buggy_Hunk,7
521,Fixed_Hunk,7
522,Buggy_Hunk,19
523,Fixed_Hunk,27
524,Buggy_Hunk,8
525,Fixed_Hunk,6
526,Buggy_Hunk,7
527,Fixed_Hunk,6
528,Buggy_Hunk,24
529,Fixed_Hunk,6
530,Buggy_Hunk,21
531,Fixed_Hunk,6
532,Buggy_Hunk,20
533,Fixed_Hunk,20
534,Buggy_Hunk,7
535,Fixed_Hunk,7
536,Buggy_Hunk,7
537,Fixed_Hunk,7
538,Buggy_Hunk,8
539,Fixed_Hunk,6
540,Buggy_Hunk,6
541,Fixed_Hunk,7
542,Buggy_Hunk,7
543,Fixed_Hunk,7
544,Buggy_Hunk,7
545,Fixed_Hunk,7
546,Buggy_Hunk,7
547,Fixed_Hunk,7
548,Buggy_Hunk,10
549,Fixed_Hunk,11
550,Buggy_Hunk,6
551,Fixed_Hunk,7
552,Buggy_Hunk,7
553,Fixed_Hunk,11
554,Buggy_Hunk,10
555,Fixed_Hunk,12
556,Buggy_Hunk,17
557,Fixed_Hunk,55
558,Buggy_Hunk,7
559,Fixed_Hunk,7
560,Buggy_Hunk,5
561,Fixed_Hunk,25
562,Buggy_Hunk,6
563,Fixed_Hunk,7
564,Buggy_Hunk,10
565,Fixed_Hunk,14
566,Buggy_Hunk,7
567,Fixed_Hunk,6
568,Buggy_Hunk,4
569,Fixed_Hunk,16
570,Buggy_Hunk,18
571,Fixed_Hunk,20
572,Buggy_Hunk,8
573,Fixed_Hunk,8
574,Buggy_Hunk,7
575,Fixed_Hunk,8
576,Buggy_Hunk,9
577,Fixed_Hunk,9
578,Buggy_Hunk,9
579,Fixed_Hunk,9
580,Buggy_Hunk,6
581,Fixed_Hunk,9
582,Buggy_Hunk,7
583,Fixed_Hunk,7
584,Buggy_Hunk,8
585,Fixed_Hunk,7
586,Buggy_Hunk,6
587,Fixed_Hunk,31
588,Buggy_Hunk,17
589,Fixed_Hunk,6
590,Buggy_Hunk,7
591,Fixed_Hunk,6
592,Buggy_Hunk,7
593,Fixed_Hunk,7
594,Buggy_Hunk,7
595,Fixed_Hunk,7
596,Buggy_Hunk,7
597,Fixed_Hunk,6
598,Buggy_Hunk,7
599,Fixed_Hunk,6
600,Buggy_Hunk,7
601,Fixed_Hunk,7
602,Buggy_Hunk,7
603,Fixed_Hunk,7
604,Buggy_Hunk,9
605,Fixed_Hunk,8
606,Buggy_Hunk,7
607,Fixed_Hunk,7
608,Buggy_Hunk,6
609,Fixed_Hunk,8
610,Buggy_Hunk,4
611,Fixed_Hunk,39
612,Buggy_Hunk,8
613,Fixed_Hunk,7
614,Buggy_Hunk,11
615,Fixed_Hunk,6
616,Buggy_Hunk,11
617,Fixed_Hunk,12
618,Buggy_Hunk,7
619,Fixed_Hunk,12
620,Buggy_Hunk,7
621,Fixed_Hunk,6
622,Buggy_Hunk,7
623,Fixed_Hunk,7
624,Buggy_Hunk,8
625,Fixed_Hunk,8
626,Buggy_Hunk,8
627,Fixed_Hunk,8
628,Buggy_Hunk,7
629,Fixed_Hunk,6
630,Buggy_Hunk,8
631,Fixed_Hunk,8
632,Buggy_Hunk,13
633,Fixed_Hunk,13
634,Buggy_Hunk,7
635,Fixed_Hunk,7
636,Buggy_Hunk,9
637,Fixed_Hunk,10
638,Buggy_Hunk,6
639,Fixed_Hunk,9
640,Buggy_Hunk,7
641,Fixed_Hunk,8
642,Buggy_Hunk,20
643,Fixed_Hunk,20
644,Buggy_Hunk,11
645,Fixed_Hunk,14
646,Buggy_Hunk,8
647,Fixed_Hunk,9
648,Buggy_Hunk,15
649,Fixed_Hunk,16
650,Buggy_Hunk,6
651,Fixed_Hunk,9
652,Buggy_Hunk,6
653,Fixed_Hunk,12
654,Buggy_Hunk,6
655,Fixed_Hunk,20
656,Buggy_Hunk,4
657,Fixed_Hunk,10
658,Buggy_Hunk,4
659,Fixed_Hunk,35
660,Buggy_Hunk,5
661,Fixed_Hunk,18
662,Buggy_Hunk,5
663,Fixed_Hunk,13
664,Buggy_Hunk,29
665,Fixed_Hunk,48
666,Buggy_Hunk,35
667,Fixed_Hunk,45
668,Buggy_Hunk,14
669,Fixed_Hunk,37
670,Buggy_Hunk,7
671,Fixed_Hunk,6
672,Buggy_Hunk,7
673,Fixed_Hunk,9
674,Buggy_Hunk,7
675,Fixed_Hunk,18
676,Buggy_Hunk,6
677,Fixed_Hunk,8
678,Buggy_Hunk,6
679,Fixed_Hunk,11
680,Buggy_Hunk,7
681,Fixed_Hunk,7
682,Buggy_Hunk,22
683,Fixed_Hunk,22
684,Buggy_Hunk,24
685,Fixed_Hunk,22
686,Buggy_Hunk,13
687,Fixed_Hunk,13
688,Buggy_Hunk,13
689,Fixed_Hunk,13
690,Buggy_Hunk,7
691,Fixed_Hunk,7
692,Buggy_Hunk,7
693,Fixed_Hunk,7
694,Buggy_Hunk,7
695,Fixed_Hunk,7
696,Buggy_Hunk,13
697,Fixed_Hunk,13
698,Buggy_Hunk,7
699,Fixed_Hunk,7
700,Buggy_Hunk,7
701,Fixed_Hunk,7
702,Buggy_Hunk,14
703,Fixed_Hunk,14
704,Buggy_Hunk,8
705,Fixed_Hunk,7
706,Buggy_Hunk,8
707,Fixed_Hunk,7
708,Buggy_Hunk,14
709,Fixed_Hunk,15
710,Buggy_Hunk,24
711,Fixed_Hunk,33
712,Buggy_Hunk,8
713,Fixed_Hunk,7
714,Buggy_Hunk,14
715,Fixed_Hunk,16
716,Buggy_Hunk,6
717,Fixed_Hunk,24
718,Buggy_Hunk,4
719,Fixed_Hunk,109
720,Buggy_Hunk,6
721,Fixed_Hunk,11
722,Buggy_Hunk,9
723,Fixed_Hunk,9
724,Buggy_Hunk,11
725,Fixed_Hunk,16
726,Buggy_Hunk,7
727,Fixed_Hunk,7
728,Buggy_Hunk,11
729,Fixed_Hunk,6
730,Buggy_Hunk,10
731,Fixed_Hunk,10
732,Buggy_Hunk,7
733,Fixed_Hunk,7
734,Buggy_Hunk,7
735,Fixed_Hunk,7
736,Buggy_Hunk,16
737,Fixed_Hunk,16
738,Buggy_Hunk,6
739,Fixed_Hunk,8
740,Buggy_Hunk,6
741,Fixed_Hunk,11
742,Buggy_Hunk,4
743,Fixed_Hunk,24
744,Buggy_Hunk,7
745,Fixed_Hunk,6
746,Buggy_Hunk,7
747,Fixed_Hunk,6
748,Buggy_Hunk,7
749,Fixed_Hunk,6
750,Buggy_Hunk,22
751,Fixed_Hunk,32
752,Buggy_Hunk,7
753,Fixed_Hunk,7
754,Buggy_Hunk,8
755,Fixed_Hunk,7
756,Buggy_Hunk,7
757,Fixed_Hunk,7
758,Buggy_Hunk,7
759,Fixed_Hunk,6
760,Buggy_Hunk,6
761,Fixed_Hunk,5
762,Buggy_Hunk,14
763,Fixed_Hunk,12
764,Buggy_Hunk,12
765,Fixed_Hunk,13
766,Buggy_Hunk,15
767,Fixed_Hunk,15
768,Buggy_Hunk,9
769,Fixed_Hunk,9
770,Buggy_Hunk,11
771,Fixed_Hunk,9
772,Buggy_Hunk,11
773,Fixed_Hunk,6
774,Buggy_Hunk,6
775,Fixed_Hunk,7
776,Buggy_Hunk,7
777,Fixed_Hunk,8
778,Buggy_Hunk,7
779,Fixed_Hunk,8
780,Buggy_Hunk,7
781,Fixed_Hunk,8
782,Buggy_Hunk,7
783,Fixed_Hunk,8
784,Buggy_Hunk,7
785,Fixed_Hunk,8
786,Buggy_Hunk,7
787,Fixed_Hunk,8
788,Buggy_Hunk,7
789,Fixed_Hunk,8
790,Buggy_Hunk,9
791,Fixed_Hunk,13
792,Buggy_Hunk,29
793,Fixed_Hunk,29
794,Buggy_Hunk,78
795,Fixed_Hunk,105
796,Buggy_Hunk,7
797,Fixed_Hunk,7
798,Buggy_Hunk,28
799,Fixed_Hunk,57
800,Buggy_Hunk,38
801,Fixed_Hunk,57
802,Buggy_Hunk,7
803,Fixed_Hunk,7
804,Buggy_Hunk,4
805,Fixed_Hunk,4
806,Buggy_Hunk,7
807,Fixed_Hunk,7
808,Buggy_Hunk,7
809,Fixed_Hunk,7
810,Buggy_Hunk,14
811,Fixed_Hunk,14
812,Buggy_Hunk,7
813,Fixed_Hunk,7
814,Buggy_Hunk,7
815,Fixed_Hunk,7
816,Buggy_Hunk,7
817,Fixed_Hunk,7
818,Buggy_Hunk,14
819,Fixed_Hunk,12
820,Buggy_Hunk,7
821,Fixed_Hunk,6
822,Buggy_Hunk,7
823,Fixed_Hunk,7
824,Buggy_Hunk,7
825,Fixed_Hunk,7
826,Buggy_Hunk,6
827,Fixed_Hunk,8
828,Buggy_Hunk,6
829,Fixed_Hunk,34
830,Buggy_Hunk,6
831,Fixed_Hunk,30
832,Buggy_Hunk,6
833,Fixed_Hunk,25
834,Buggy_Hunk,6
835,Fixed_Hunk,26
836,Buggy_Hunk,7
837,Fixed_Hunk,7
838,Buggy_Hunk,7
839,Fixed_Hunk,7
840,Buggy_Hunk,7
841,Fixed_Hunk,7
842,Buggy_Hunk,7
843,Fixed_Hunk,7
844,Buggy_Hunk,6
845,Fixed_Hunk,27
846,Buggy_Hunk,4
847,Fixed_Hunk,39
848,Buggy_Hunk,8
849,Fixed_Hunk,6
850,Buggy_Hunk,7
851,Fixed_Hunk,7
852,Buggy_Hunk,7
853,Fixed_Hunk,6
854,Buggy_Hunk,7
855,Fixed_Hunk,6
856,Buggy_Hunk,14
857,Fixed_Hunk,12
858,Buggy_Hunk,7
859,Fixed_Hunk,7
860,Buggy_Hunk,7
861,Fixed_Hunk,7
862,Buggy_Hunk,9
863,Fixed_Hunk,16
864,Buggy_Hunk,10
865,Fixed_Hunk,17
866,Buggy_Hunk,12
867,Fixed_Hunk,15
868,Buggy_Hunk,6
869,Fixed_Hunk,9
870,Buggy_Hunk,11
871,Fixed_Hunk,11
872,Buggy_Hunk,7
873,Fixed_Hunk,11
874,Buggy_Hunk,9
875,Fixed_Hunk,28
876,Buggy_Hunk,13
877,Fixed_Hunk,25
878,Buggy_Hunk,7
879,Fixed_Hunk,7
880,Buggy_Hunk,19
881,Fixed_Hunk,27
882,Buggy_Hunk,4
883,Fixed_Hunk,18
884,Buggy_Hunk,6
885,Fixed_Hunk,10
886,Buggy_Hunk,8
887,Fixed_Hunk,10
888,Buggy_Hunk,7
889,Fixed_Hunk,8
890,Buggy_Hunk,9
891,Fixed_Hunk,15
892,Buggy_Hunk,6
893,Fixed_Hunk,15
894,Buggy_Hunk,46
895,Fixed_Hunk,51
896,Buggy_Hunk,8
897,Fixed_Hunk,10
898,Buggy_Hunk,43
899,Fixed_Hunk,46
900,Buggy_Hunk,10
901,Fixed_Hunk,12
902,Buggy_Hunk,7
903,Fixed_Hunk,6
904,Buggy_Hunk,7
905,Fixed_Hunk,7
906,Buggy_Hunk,6
907,Fixed_Hunk,7
908,Buggy_Hunk,6
909,Fixed_Hunk,12
910,Buggy_Hunk,6
911,Fixed_Hunk,12
912,Buggy_Hunk,13
913,Fixed_Hunk,15
914,Buggy_Hunk,7
915,Fixed_Hunk,13
916,Buggy_Hunk,15
917,Fixed_Hunk,29
918,Buggy_Hunk,5
919,Fixed_Hunk,8
920,Buggy_Hunk,7
921,Fixed_Hunk,11
922,Buggy_Hunk,16
923,Fixed_Hunk,11
924,Buggy_Hunk,9
925,Fixed_Hunk,6
926,Buggy_Hunk,6
927,Fixed_Hunk,9
928,Buggy_Hunk,4
929,Fixed_Hunk,26
930,Buggy_Hunk,6
931,Fixed_Hunk,11
932,Buggy_Hunk,7
933,Fixed_Hunk,7
934,Buggy_Hunk,6
935,Fixed_Hunk,10
936,Buggy_Hunk,6
937,Fixed_Hunk,10
938,Buggy_Hunk,8
939,Fixed_Hunk,7
940,Buggy_Hunk,7
941,Fixed_Hunk,7
942,Buggy_Hunk,7
943,Fixed_Hunk,7
944,Buggy_Hunk,8
945,Fixed_Hunk,8
946,Buggy_Hunk,22
947,Fixed_Hunk,37
948,Buggy_Hunk,7
949,Fixed_Hunk,7
950,Buggy_Hunk,10
951,Fixed_Hunk,10
952,Buggy_Hunk,7
953,Fixed_Hunk,7
954,Buggy_Hunk,6
955,Fixed_Hunk,7
956,Buggy_Hunk,7
957,Fixed_Hunk,7
958,Buggy_Hunk,7
959,Fixed_Hunk,7
960,Buggy_Hunk,7
961,Fixed_Hunk,7
962,Buggy_Hunk,7
963,Fixed_Hunk,7
964,Buggy_Hunk,13
965,Fixed_Hunk,13
966,Buggy_Hunk,16
967,Fixed_Hunk,16
968,Buggy_Hunk,8
969,Fixed_Hunk,8
970,Buggy_Hunk,7
971,Fixed_Hunk,7
972,Buggy_Hunk,26
973,Fixed_Hunk,26
974,Buggy_Hunk,16
975,Fixed_Hunk,16
976,Buggy_Hunk,14
977,Fixed_Hunk,14
978,Buggy_Hunk,155
979,Fixed_Hunk,155
980,Buggy_Hunk,12
981,Fixed_Hunk,12
982,Buggy_Hunk,7
983,Fixed_Hunk,7
984,Buggy_Hunk,18
985,Fixed_Hunk,18
986,Buggy_Hunk,7
987,Fixed_Hunk,7
988,Buggy_Hunk,6
989,Fixed_Hunk,7
990,Buggy_Hunk,12
991,Fixed_Hunk,13
992,Buggy_Hunk,7
993,Fixed_Hunk,7
994,Buggy_Hunk,6
995,Fixed_Hunk,9
996,Buggy_Hunk,4
997,Fixed_Hunk,23
998,Buggy_Hunk,7
999,Fixed_Hunk,7
1000,Buggy_Hunk,7
1001,Fixed_Hunk,7
1002,Buggy_Hunk,7
1003,Fixed_Hunk,7
1004,Buggy_Hunk,7
1005,Fixed_Hunk,7
1006,Buggy_Hunk,7
1007,Fixed_Hunk,7
1008,Buggy_Hunk,7
1009,Fixed_Hunk,7
1010,Buggy_Hunk,7
1011,Fixed_Hunk,7
1012,Buggy_Hunk,7
1013,Fixed_Hunk,7
1014,Buggy_Hunk,7
1015,Fixed_Hunk,7
1016,Buggy_Hunk,8
1017,Fixed_Hunk,7
1018,Buggy_Hunk,58
1019,Fixed_Hunk,64
1020,Buggy_Hunk,6
1021,Fixed_Hunk,9
1022,Buggy_Hunk,7
1023,Fixed_Hunk,7
1024,Buggy_Hunk,6
1025,Fixed_Hunk,12
1026,Buggy_Hunk,55
1027,Fixed_Hunk,66
1028,Buggy_Hunk,19
1029,Fixed_Hunk,30
1030,Buggy_Hunk,7
1031,Fixed_Hunk,7
1032,Buggy_Hunk,7
1033,Fixed_Hunk,7
1034,Buggy_Hunk,15
1035,Fixed_Hunk,15
1036,Buggy_Hunk,6
1037,Fixed_Hunk,9
1038,Buggy_Hunk,6
1039,Fixed_Hunk,14
1040,Buggy_Hunk,1078
1041,Fixed_Hunk,716
1042,Buggy_Hunk,12
1043,Fixed_Hunk,16
1044,Buggy_Hunk,9
1045,Fixed_Hunk,13
1046,Buggy_Hunk,66
1047,Fixed_Hunk,73
1048,Buggy_Hunk,6
1049,Fixed_Hunk,10
1050,Buggy_Hunk,10
1051,Fixed_Hunk,6
1052,Buggy_Hunk,7
1053,Fixed_Hunk,8
1054,Buggy_Hunk,7
1055,Fixed_Hunk,7
1056,Buggy_Hunk,7
1057,Fixed_Hunk,6
1058,Buggy_Hunk,7
1059,Fixed_Hunk,7
1060,Buggy_Hunk,22
1061,Fixed_Hunk,32
1062,Buggy_Hunk,6
1063,Fixed_Hunk,7
1064,Buggy_Hunk,6
1065,Fixed_Hunk,9
1066,Buggy_Hunk,6
1067,Fixed_Hunk,8
1068,Buggy_Hunk,7
1069,Fixed_Hunk,7
1070,Buggy_Hunk,13
1071,Fixed_Hunk,13
1072,Buggy_Hunk,16
1073,Fixed_Hunk,16
1074,Buggy_Hunk,8
1075,Fixed_Hunk,8
1076,Buggy_Hunk,7
1077,Fixed_Hunk,7
1078,Buggy_Hunk,26
1079,Fixed_Hunk,26
1080,Buggy_Hunk,16
1081,Fixed_Hunk,16
1082,Buggy_Hunk,14
1083,Fixed_Hunk,14
1084,Buggy_Hunk,7
1085,Fixed_Hunk,8
1086,Buggy_Hunk,152
1087,Fixed_Hunk,155
1088,Buggy_Hunk,12
1089,Fixed_Hunk,12
1090,Buggy_Hunk,7
1091,Fixed_Hunk,7
1092,Buggy_Hunk,18
1093,Fixed_Hunk,18
1094,Buggy_Hunk,7
1095,Fixed_Hunk,7
1096,Buggy_Hunk,25
1097,Fixed_Hunk,28
1098,Buggy_Hunk,7
1099,Fixed_Hunk,7
1100,Buggy_Hunk,7
1101,Fixed_Hunk,7
1102,Buggy_Hunk,7
1103,Fixed_Hunk,7
1104,Buggy_Hunk,7
1105,Fixed_Hunk,7
1106,Buggy_Hunk,8
1107,Fixed_Hunk,8
1108,Buggy_Hunk,9
1109,Fixed_Hunk,10
1110,Buggy_Hunk,8
1111,Fixed_Hunk,28
1112,Buggy_Hunk,39
1113,Fixed_Hunk,50
1114,Buggy_Hunk,4
1115,Fixed_Hunk,4
1116,Buggy_Hunk,7
1117,Fixed_Hunk,7
1118,Buggy_Hunk,21
1119,Fixed_Hunk,10
1120,Buggy_Hunk,7
1121,Fixed_Hunk,6
1122,Buggy_Hunk,6
1123,Fixed_Hunk,9
1124,Buggy_Hunk,6
1125,Fixed_Hunk,15
1126,Buggy_Hunk,6
1127,Fixed_Hunk,28
1128,Buggy_Hunk,8
1129,Fixed_Hunk,12
1130,Buggy_Hunk,7
1131,Fixed_Hunk,8
1132,Buggy_Hunk,10
1133,Fixed_Hunk,8
1134,Buggy_Hunk,27
1135,Fixed_Hunk,27
1136,Buggy_Hunk,9
1137,Fixed_Hunk,11
1138,Buggy_Hunk,7
1139,Fixed_Hunk,11
1140,Buggy_Hunk,4
1141,Fixed_Hunk,18
1142,Buggy_Hunk,6
1143,Fixed_Hunk,9
1144,Buggy_Hunk,7
1145,Fixed_Hunk,7
1146,Buggy_Hunk,7
1147,Fixed_Hunk,7
1148,Buggy_Hunk,7
1149,Fixed_Hunk,7
1150,Buggy_Hunk,76
1151,Fixed_Hunk,76
1152,Buggy_Hunk,7
1153,Fixed_Hunk,7
1154,Buggy_Hunk,7
1155,Fixed_Hunk,7
1156,Buggy_Hunk,7
1157,Fixed_Hunk,7
1158,Buggy_Hunk,7
1159,Fixed_Hunk,7
1160,Buggy_Hunk,7
1161,Fixed_Hunk,7
1162,Buggy_Hunk,9
1163,Fixed_Hunk,7
1164,Buggy_Hunk,7
1165,Fixed_Hunk,9
1166,Buggy_Hunk,7
1167,Fixed_Hunk,7
1168,Buggy_Hunk,7
1169,Fixed_Hunk,7
1170,Buggy_Hunk,6
1171,Fixed_Hunk,7
1172,Buggy_Hunk,7
1173,Fixed_Hunk,8
1174,Buggy_Hunk,22
1175,Fixed_Hunk,32
1176,Buggy_Hunk,7
1177,Fixed_Hunk,7
1178,Buggy_Hunk,7
1179,Fixed_Hunk,7
1180,Buggy_Hunk,7
1181,Fixed_Hunk,6
1182,Buggy_Hunk,7
1183,Fixed_Hunk,8
1184,Buggy_Hunk,12
1185,Fixed_Hunk,10
1186,Buggy_Hunk,8
1187,Fixed_Hunk,8
1188,Buggy_Hunk,7
1189,Fixed_Hunk,7
1190,Buggy_Hunk,7
1191,Fixed_Hunk,10
1192,Buggy_Hunk,6
1193,Fixed_Hunk,9
1194,Buggy_Hunk,7
1195,Fixed_Hunk,7
1196,Buggy_Hunk,21
1197,Fixed_Hunk,6
1198,Buggy_Hunk,10
1199,Fixed_Hunk,6
1200,Buggy_Hunk,6
1201,Fixed_Hunk,39
1202,Buggy_Hunk,29
1203,Fixed_Hunk,6
1204,Buggy_Hunk,6
1205,Fixed_Hunk,31
1206,Buggy_Hunk,6
1207,Fixed_Hunk,14
1208,Buggy_Hunk,27
1209,Fixed_Hunk,21
1210,Buggy_Hunk,33
1211,Fixed_Hunk,34
1212,Buggy_Hunk,78
1213,Fixed_Hunk,106
1214,Buggy_Hunk,7
1215,Fixed_Hunk,7
1216,Buggy_Hunk,7
1217,Fixed_Hunk,7
1218,Buggy_Hunk,7
1219,Fixed_Hunk,7
1220,Buggy_Hunk,7
1221,Fixed_Hunk,7
1222,Buggy_Hunk,7
1223,Fixed_Hunk,7
1224,Buggy_Hunk,7
1225,Fixed_Hunk,7
1226,Buggy_Hunk,7
1227,Fixed_Hunk,7
1228,Buggy_Hunk,7
1229,Fixed_Hunk,7
1230,Buggy_Hunk,7
1231,Fixed_Hunk,7
1232,Buggy_Hunk,7
1233,Fixed_Hunk,7
1234,Buggy_Hunk,7
1235,Fixed_Hunk,7
1236,Buggy_Hunk,7
1237,Fixed_Hunk,7
1238,Buggy_Hunk,7
1239,Fixed_Hunk,7
1240,Buggy_Hunk,12
1241,Fixed_Hunk,13
1242,Buggy_Hunk,11
1243,Fixed_Hunk,12
1244,Buggy_Hunk,9
1245,Fixed_Hunk,9
1246,Buggy_Hunk,17
1247,Fixed_Hunk,17
1248,Buggy_Hunk,6
1249,Fixed_Hunk,7
1250,Buggy_Hunk,6
1251,Fixed_Hunk,9
1252,Buggy_Hunk,7
1253,Fixed_Hunk,8
1254,Buggy_Hunk,7
1255,Fixed_Hunk,8
1256,Buggy_Hunk,7
1257,Fixed_Hunk,8
1258,Buggy_Hunk,8
1259,Fixed_Hunk,7
1260,Buggy_Hunk,7
1261,Fixed_Hunk,7
1262,Buggy_Hunk,10
1263,Fixed_Hunk,11
1264,Buggy_Hunk,10
1265,Fixed_Hunk,11
1266,Buggy_Hunk,10
1267,Fixed_Hunk,11
1268,Buggy_Hunk,9
1269,Fixed_Hunk,11
1270,Buggy_Hunk,169
1271,Fixed_Hunk,108
1272,Buggy_Hunk,123
1273,Fixed_Hunk,115
1274,Buggy_Hunk,27
1275,Fixed_Hunk,27
1276,Buggy_Hunk,7
1277,Fixed_Hunk,8
1278,Buggy_Hunk,6
1279,Fixed_Hunk,17
1280,Buggy_Hunk,6
1281,Fixed_Hunk,18
1282,Buggy_Hunk,9
1283,Fixed_Hunk,10
1284,Buggy_Hunk,6
1285,Fixed_Hunk,7
1286,Buggy_Hunk,8
1287,Fixed_Hunk,8
1288,Buggy_Hunk,6
1289,Fixed_Hunk,7
1290,Buggy_Hunk,6
1291,Fixed_Hunk,20
1292,Buggy_Hunk,11
1293,Fixed_Hunk,28
1294,Buggy_Hunk,6
1295,Fixed_Hunk,19
1296,Buggy_Hunk,4
1297,Fixed_Hunk,6
1298,Buggy_Hunk,9
1299,Fixed_Hunk,13
1300,Buggy_Hunk,6
1301,Fixed_Hunk,22
1302,Buggy_Hunk,68
1303,Fixed_Hunk,71
1304,Buggy_Hunk,4
1305,Fixed_Hunk,4
1306,Buggy_Hunk,6
1307,Fixed_Hunk,9
1308,Buggy_Hunk,4
1309,Fixed_Hunk,23
1310,Buggy_Hunk,7
1311,Fixed_Hunk,7
1312,Buggy_Hunk,7
1313,Fixed_Hunk,7
1314,Buggy_Hunk,6
1315,Fixed_Hunk,7
1316,Buggy_Hunk,14
1317,Fixed_Hunk,12
1318,Buggy_Hunk,6
1319,Fixed_Hunk,11
1320,Buggy_Hunk,8
1321,Fixed_Hunk,7
1322,Buggy_Hunk,23
1323,Fixed_Hunk,11
1324,Buggy_Hunk,7
1325,Fixed_Hunk,7
1326,Buggy_Hunk,11
1327,Fixed_Hunk,13
1328,Buggy_Hunk,10
1329,Fixed_Hunk,12
1330,Buggy_Hunk,6
1331,Fixed_Hunk,18
1332,Buggy_Hunk,6
1333,Fixed_Hunk,7
1334,Buggy_Hunk,6
1335,Fixed_Hunk,7
1336,Buggy_Hunk,6
1337,Fixed_Hunk,7
1338,Buggy_Hunk,6
1339,Fixed_Hunk,7
1340,Buggy_Hunk,6
1341,Fixed_Hunk,12
1342,Buggy_Hunk,6
1343,Fixed_Hunk,7
1344,Buggy_Hunk,6
1345,Fixed_Hunk,7
1346,Buggy_Hunk,6
1347,Fixed_Hunk,7
1348,Buggy_Hunk,11
1349,Fixed_Hunk,12
1350,Buggy_Hunk,4
1351,Fixed_Hunk,17
1352,Buggy_Hunk,4
1353,Fixed_Hunk,12
1354,Buggy_Hunk,4
1355,Fixed_Hunk,18
1356,Buggy_Hunk,6
1357,Fixed_Hunk,8
1358,Buggy_Hunk,12
1359,Fixed_Hunk,12
1360,Buggy_Hunk,24
1361,Fixed_Hunk,52
1362,Buggy_Hunk,6
1363,Fixed_Hunk,10
1364,Buggy_Hunk,9
1365,Fixed_Hunk,11
1366,Buggy_Hunk,10
1367,Fixed_Hunk,6
1368,Buggy_Hunk,7
1369,Fixed_Hunk,6
1370,Buggy_Hunk,7
1371,Fixed_Hunk,7
1372,Buggy_Hunk,13
1373,Fixed_Hunk,17
1374,Buggy_Hunk,8
1375,Fixed_Hunk,10
1376,Buggy_Hunk,13
1377,Fixed_Hunk,15
1378,Buggy_Hunk,10
1379,Fixed_Hunk,10
1380,Buggy_Hunk,12
1381,Fixed_Hunk,21
1382,Buggy_Hunk,9
1383,Fixed_Hunk,25
1384,Buggy_Hunk,7
1385,Fixed_Hunk,7
1386,Buggy_Hunk,16
1387,Fixed_Hunk,24
1388,Buggy_Hunk,7
1389,Fixed_Hunk,7
1390,Buggy_Hunk,40
1391,Fixed_Hunk,6
1392,Buggy_Hunk,37
1393,Fixed_Hunk,6
1394,Buggy_Hunk,7
1395,Fixed_Hunk,7
1396,Buggy_Hunk,7
1397,Fixed_Hunk,7
1398,Buggy_Hunk,7
1399,Fixed_Hunk,7
1400,Buggy_Hunk,14
1401,Fixed_Hunk,14
1402,Buggy_Hunk,14
1403,Fixed_Hunk,14
1404,Buggy_Hunk,7
1405,Fixed_Hunk,7
1406,Buggy_Hunk,7
1407,Fixed_Hunk,7
1408,Buggy_Hunk,12
1409,Fixed_Hunk,12
1410,Buggy_Hunk,13
1411,Fixed_Hunk,13
1412,Buggy_Hunk,7
1413,Fixed_Hunk,7
1414,Buggy_Hunk,7
1415,Fixed_Hunk,7
1416,Buggy_Hunk,14
1417,Fixed_Hunk,14
1418,Buggy_Hunk,14
1419,Fixed_Hunk,14
1420,Buggy_Hunk,7
1421,Fixed_Hunk,7
1422,Buggy_Hunk,7
1423,Fixed_Hunk,7
1424,Buggy_Hunk,7
1425,Fixed_Hunk,7
1426,Buggy_Hunk,7
1427,Fixed_Hunk,7
1428,Buggy_Hunk,7
1429,Fixed_Hunk,7
1430,Buggy_Hunk,7
1431,Fixed_Hunk,7
1432,Buggy_Hunk,14
1433,Fixed_Hunk,14
1434,Buggy_Hunk,7
1435,Fixed_Hunk,7
1436,Buggy_Hunk,7
1437,Fixed_Hunk,7
1438,Buggy_Hunk,7
1439,Fixed_Hunk,7
1440,Buggy_Hunk,7
1441,Fixed_Hunk,7
1442,Buggy_Hunk,7
1443,Fixed_Hunk,7
1444,Buggy_Hunk,7
1445,Fixed_Hunk,7
1446,Buggy_Hunk,7
1447,Fixed_Hunk,7
1448,Buggy_Hunk,7
1449,Fixed_Hunk,7
1450,Buggy_Hunk,7
1451,Fixed_Hunk,7
1452,Buggy_Hunk,7
1453,Fixed_Hunk,7
1454,Buggy_Hunk,7
1455,Fixed_Hunk,7
1456,Buggy_Hunk,7
1457,Fixed_Hunk,7
1458,Buggy_Hunk,7
1459,Fixed_Hunk,7
1460,Buggy_Hunk,7
1461,Fixed_Hunk,7
1462,Buggy_Hunk,7
1463,Fixed_Hunk,7
1464,Buggy_Hunk,7
1465,Fixed_Hunk,7
1466,Buggy_Hunk,7
1467,Fixed_Hunk,7
1468,Buggy_Hunk,14
1469,Fixed_Hunk,14
1470,Buggy_Hunk,14
1471,Fixed_Hunk,14
1472,Buggy_Hunk,7
1473,Fixed_Hunk,7
1474,Buggy_Hunk,7
1475,Fixed_Hunk,7
1476,Buggy_Hunk,7
1477,Fixed_Hunk,7
1478,Buggy_Hunk,7
1479,Fixed_Hunk,7
1480,Buggy_Hunk,14
1481,Fixed_Hunk,14
1482,Buggy_Hunk,14
1483,Fixed_Hunk,14
1484,Buggy_Hunk,7
1485,Fixed_Hunk,7
1486,Buggy_Hunk,7
1487,Fixed_Hunk,7
1488,Buggy_Hunk,7
1489,Fixed_Hunk,7
1490,Buggy_Hunk,7
1491,Fixed_Hunk,7
1492,Buggy_Hunk,14
1493,Fixed_Hunk,14
1494,Buggy_Hunk,14
1495,Fixed_Hunk,14
1496,Buggy_Hunk,7
1497,Fixed_Hunk,7
1498,Buggy_Hunk,7
1499,Fixed_Hunk,7
1500,Buggy_Hunk,7
1501,Fixed_Hunk,7
1502,Buggy_Hunk,7
1503,Fixed_Hunk,7
1504,Buggy_Hunk,14
1505,Fixed_Hunk,14
1506,Buggy_Hunk,14
1507,Fixed_Hunk,14
1508,Buggy_Hunk,7
1509,Fixed_Hunk,7
1510,Buggy_Hunk,7
1511,Fixed_Hunk,7
1512,Buggy_Hunk,7
1513,Fixed_Hunk,7
1514,Buggy_Hunk,7
1515,Fixed_Hunk,7
1516,Buggy_Hunk,7
1517,Fixed_Hunk,7
1518,Buggy_Hunk,7
1519,Fixed_Hunk,7
1520,Buggy_Hunk,7
1521,Fixed_Hunk,7
1522,Buggy_Hunk,7
1523,Fixed_Hunk,7
1524,Buggy_Hunk,7
1525,Fixed_Hunk,7
1526,Buggy_Hunk,7
1527,Fixed_Hunk,7
1528,Buggy_Hunk,7
1529,Fixed_Hunk,7
1530,Buggy_Hunk,7
1531,Fixed_Hunk,7
1532,Buggy_Hunk,7
1533,Fixed_Hunk,7
1534,Buggy_Hunk,7
1535,Fixed_Hunk,7
1536,Buggy_Hunk,7
1537,Fixed_Hunk,7
1538,Buggy_Hunk,7
1539,Fixed_Hunk,7
1540,Buggy_Hunk,7
1541,Fixed_Hunk,7
1542,Buggy_Hunk,7
1543,Fixed_Hunk,7
1544,Buggy_Hunk,7
1545,Fixed_Hunk,7
1546,Buggy_Hunk,7
1547,Fixed_Hunk,7
1548,Buggy_Hunk,7
1549,Fixed_Hunk,7
1550,Buggy_Hunk,7
1551,Fixed_Hunk,7
1552,Buggy_Hunk,7
1553,Fixed_Hunk,7
1554,Buggy_Hunk,7
1555,Fixed_Hunk,7
1556,Buggy_Hunk,7
1557,Fixed_Hunk,7
1558,Buggy_Hunk,7
1559,Fixed_Hunk,7
1560,Buggy_Hunk,7
1561,Fixed_Hunk,7
1562,Buggy_Hunk,7
1563,Fixed_Hunk,7
1564,Buggy_Hunk,7
1565,Fixed_Hunk,7
1566,Buggy_Hunk,7
1567,Fixed_Hunk,7
1568,Buggy_Hunk,7
1569,Fixed_Hunk,7
1570,Buggy_Hunk,7
1571,Fixed_Hunk,7
1572,Buggy_Hunk,7
1573,Fixed_Hunk,7
1574,Buggy_Hunk,7
1575,Fixed_Hunk,7
1576,Buggy_Hunk,7
1577,Fixed_Hunk,7
1578,Buggy_Hunk,7
1579,Fixed_Hunk,7
1580,Buggy_Hunk,7
1581,Fixed_Hunk,7
1582,Buggy_Hunk,7
1583,Fixed_Hunk,7
1584,Buggy_Hunk,7
1585,Fixed_Hunk,7
1586,Buggy_Hunk,7
1587,Fixed_Hunk,7
1588,Buggy_Hunk,7
1589,Fixed_Hunk,7
1590,Buggy_Hunk,7
1591,Fixed_Hunk,7
1592,Buggy_Hunk,7
1593,Fixed_Hunk,7
1594,Buggy_Hunk,7
1595,Fixed_Hunk,7
1596,Buggy_Hunk,7
1597,Fixed_Hunk,7
1598,Buggy_Hunk,7
1599,Fixed_Hunk,7
1600,Buggy_Hunk,7
1601,Fixed_Hunk,7
1602,Buggy_Hunk,7
1603,Fixed_Hunk,7
1604,Buggy_Hunk,7
1605,Fixed_Hunk,7
1606,Buggy_Hunk,7
1607,Fixed_Hunk,7
1608,Buggy_Hunk,7
1609,Fixed_Hunk,7
1610,Buggy_Hunk,7
1611,Fixed_Hunk,7
1612,Buggy_Hunk,7
1613,Fixed_Hunk,7
1614,Buggy_Hunk,7
1615,Fixed_Hunk,7
1616,Buggy_Hunk,7
1617,Fixed_Hunk,7
1618,Buggy_Hunk,7
1619,Fixed_Hunk,7
1620,Buggy_Hunk,7
1621,Fixed_Hunk,7
1622,Buggy_Hunk,7
1623,Fixed_Hunk,7
1624,Buggy_Hunk,7
1625,Fixed_Hunk,7
1626,Buggy_Hunk,7
1627,Fixed_Hunk,7
1628,Buggy_Hunk,7
1629,Fixed_Hunk,7
1630,Buggy_Hunk,7
1631,Fixed_Hunk,7
1632,Buggy_Hunk,7
1633,Fixed_Hunk,7
1634,Buggy_Hunk,7
1635,Fixed_Hunk,7
1636,Buggy_Hunk,7
1637,Fixed_Hunk,7
1638,Buggy_Hunk,7
1639,Fixed_Hunk,7
1640,Buggy_Hunk,7
1641,Fixed_Hunk,7
1642,Buggy_Hunk,7
1643,Fixed_Hunk,7
1644,Buggy_Hunk,7
1645,Fixed_Hunk,7
1646,Buggy_Hunk,7
1647,Fixed_Hunk,7
1648,Buggy_Hunk,7
1649,Fixed_Hunk,7
1650,Buggy_Hunk,7
1651,Fixed_Hunk,7
1652,Buggy_Hunk,7
1653,Fixed_Hunk,7
1654,Buggy_Hunk,7
1655,Fixed_Hunk,7
1656,Buggy_Hunk,7
1657,Fixed_Hunk,7
1658,Buggy_Hunk,7
1659,Fixed_Hunk,7
1660,Buggy_Hunk,7
1661,Fixed_Hunk,7
1662,Buggy_Hunk,7
1663,Fixed_Hunk,7
1664,Buggy_Hunk,7
1665,Fixed_Hunk,7
1666,Buggy_Hunk,7
1667,Fixed_Hunk,7
1668,Buggy_Hunk,7
1669,Fixed_Hunk,7
1670,Buggy_Hunk,7
1671,Fixed_Hunk,7
1672,Buggy_Hunk,7
1673,Fixed_Hunk,7
1674,Buggy_Hunk,7
1675,Fixed_Hunk,7
1676,Buggy_Hunk,7
1677,Fixed_Hunk,7
1678,Buggy_Hunk,7
1679,Fixed_Hunk,7
1680,Buggy_Hunk,7
1681,Fixed_Hunk,7
1682,Buggy_Hunk,7
1683,Fixed_Hunk,7
1684,Buggy_Hunk,7
1685,Fixed_Hunk,7
1686,Buggy_Hunk,7
1687,Fixed_Hunk,7
1688,Buggy_Hunk,7
1689,Fixed_Hunk,7
1690,Buggy_Hunk,7
1691,Fixed_Hunk,7
1692,Buggy_Hunk,7
1693,Fixed_Hunk,7
1694,Buggy_Hunk,7
1695,Fixed_Hunk,7
1696,Buggy_Hunk,7
1697,Fixed_Hunk,7
1698,Buggy_Hunk,7
1699,Fixed_Hunk,7
1700,Buggy_Hunk,7
1701,Fixed_Hunk,7
1702,Buggy_Hunk,7
1703,Fixed_Hunk,7
1704,Buggy_Hunk,7
1705,Fixed_Hunk,7
1706,Buggy_Hunk,7
1707,Fixed_Hunk,7
1708,Buggy_Hunk,7
1709,Fixed_Hunk,7
1710,Buggy_Hunk,7
1711,Fixed_Hunk,7
1712,Buggy_Hunk,7
1713,Fixed_Hunk,7
1714,Buggy_Hunk,7
1715,Fixed_Hunk,7
1716,Buggy_Hunk,7
1717,Fixed_Hunk,7
1718,Buggy_Hunk,7
1719,Fixed_Hunk,7
1720,Buggy_Hunk,7
1721,Fixed_Hunk,7
1722,Buggy_Hunk,7
1723,Fixed_Hunk,7
1724,Buggy_Hunk,7
1725,Fixed_Hunk,7
1726,Buggy_Hunk,7
1727,Fixed_Hunk,7
1728,Buggy_Hunk,7
1729,Fixed_Hunk,7
1730,Buggy_Hunk,7
1731,Fixed_Hunk,7
1732,Buggy_Hunk,7
1733,Fixed_Hunk,7
1734,Buggy_Hunk,7
1735,Fixed_Hunk,7
1736,Buggy_Hunk,7
1737,Fixed_Hunk,7
1738,Buggy_Hunk,7
1739,Fixed_Hunk,7
1740,Buggy_Hunk,7
1741,Fixed_Hunk,7
1742,Buggy_Hunk,7
1743,Fixed_Hunk,7
1744,Buggy_Hunk,7
1745,Fixed_Hunk,7
1746,Buggy_Hunk,7
1747,Fixed_Hunk,7
1748,Buggy_Hunk,7
1749,Fixed_Hunk,7
1750,Buggy_Hunk,7
1751,Fixed_Hunk,7
1752,Buggy_Hunk,7
1753,Fixed_Hunk,7
1754,Buggy_Hunk,7
1755,Fixed_Hunk,7
1756,Buggy_Hunk,7
1757,Fixed_Hunk,7
1758,Buggy_Hunk,7
1759,Fixed_Hunk,7
1760,Buggy_Hunk,7
1761,Fixed_Hunk,7
1762,Buggy_Hunk,7
1763,Fixed_Hunk,7
1764,Buggy_Hunk,7
1765,Fixed_Hunk,7
1766,Buggy_Hunk,7
1767,Fixed_Hunk,7
1768,Buggy_Hunk,7
1769,Fixed_Hunk,7
1770,Buggy_Hunk,7
1771,Fixed_Hunk,7
1772,Buggy_Hunk,7
1773,Fixed_Hunk,7
1774,Buggy_Hunk,7
1775,Fixed_Hunk,7
1776,Buggy_Hunk,7
1777,Fixed_Hunk,7
1778,Buggy_Hunk,7
1779,Fixed_Hunk,7
1780,Buggy_Hunk,7
1781,Fixed_Hunk,7
1782,Buggy_Hunk,7
1783,Fixed_Hunk,7
1784,Buggy_Hunk,7
1785,Fixed_Hunk,7
1786,Buggy_Hunk,7
1787,Fixed_Hunk,7
1788,Buggy_Hunk,7
1789,Fixed_Hunk,7
1790,Buggy_Hunk,7
1791,Fixed_Hunk,7
1792,Buggy_Hunk,7
1793,Fixed_Hunk,7
1794,Buggy_Hunk,7
1795,Fixed_Hunk,7
1796,Buggy_Hunk,7
1797,Fixed_Hunk,7
1798,Buggy_Hunk,7
1799,Fixed_Hunk,7
1800,Buggy_Hunk,7
1801,Fixed_Hunk,7
1802,Buggy_Hunk,7
1803,Fixed_Hunk,7
1804,Buggy_Hunk,7
1805,Fixed_Hunk,7
1806,Buggy_Hunk,7
1807,Fixed_Hunk,7
1808,Buggy_Hunk,7
1809,Fixed_Hunk,7
1810,Buggy_Hunk,7
1811,Fixed_Hunk,7
1812,Buggy_Hunk,7
1813,Fixed_Hunk,7
1814,Buggy_Hunk,7
1815,Fixed_Hunk,7
1816,Buggy_Hunk,7
1817,Fixed_Hunk,7
1818,Buggy_Hunk,7
1819,Fixed_Hunk,7
1820,Buggy_Hunk,7
1821,Fixed_Hunk,7
1822,Buggy_Hunk,7
1823,Fixed_Hunk,7
1824,Buggy_Hunk,82
1825,Fixed_Hunk,117
1826,Buggy_Hunk,100
1827,Fixed_Hunk,137
1828,Buggy_Hunk,9
1829,Fixed_Hunk,9
1830,Buggy_Hunk,9
1831,Fixed_Hunk,9
1832,Buggy_Hunk,7
1833,Fixed_Hunk,7
1834,Buggy_Hunk,7
1835,Fixed_Hunk,7
1836,Buggy_Hunk,8
1837,Fixed_Hunk,7
1838,Buggy_Hunk,7
1839,Fixed_Hunk,7
1840,Buggy_Hunk,19
1841,Fixed_Hunk,15
1842,Buggy_Hunk,11
1843,Fixed_Hunk,24
1844,Buggy_Hunk,7
1845,Fixed_Hunk,8
1846,Buggy_Hunk,7
1847,Fixed_Hunk,7
1848,Buggy_Hunk,7
1849,Fixed_Hunk,7
1850,Buggy_Hunk,12
1851,Fixed_Hunk,13
1852,Buggy_Hunk,8
1853,Fixed_Hunk,7
1854,Buggy_Hunk,7
1855,Fixed_Hunk,7
1856,Buggy_Hunk,6
1857,Fixed_Hunk,14
1858,Buggy_Hunk,8
1859,Fixed_Hunk,8
1860,Buggy_Hunk,6
1861,Fixed_Hunk,6
1862,Buggy_Hunk,7
1863,Fixed_Hunk,7
1864,Buggy_Hunk,7
1865,Fixed_Hunk,6
1866,Buggy_Hunk,9
1867,Fixed_Hunk,6
1868,Buggy_Hunk,8
1869,Fixed_Hunk,7
1870,Buggy_Hunk,16
1871,Fixed_Hunk,6
1872,Buggy_Hunk,7
1873,Fixed_Hunk,7
1874,Buggy_Hunk,13
1875,Fixed_Hunk,13
1876,Buggy_Hunk,8
1877,Fixed_Hunk,7
1878,Buggy_Hunk,8
1879,Fixed_Hunk,7
1880,Buggy_Hunk,6
1881,Fixed_Hunk,7
1882,Buggy_Hunk,6
1883,Fixed_Hunk,7
1884,Buggy_Hunk,7
1885,Fixed_Hunk,8
1886,Buggy_Hunk,6
1887,Fixed_Hunk,9
1888,Buggy_Hunk,8
1889,Fixed_Hunk,15
1890,Buggy_Hunk,9
1891,Fixed_Hunk,9
1892,Buggy_Hunk,6
1893,Fixed_Hunk,9
1894,Buggy_Hunk,9
1895,Fixed_Hunk,16
1896,Buggy_Hunk,8
1897,Fixed_Hunk,9
1898,Buggy_Hunk,6
1899,Fixed_Hunk,9
1900,Buggy_Hunk,7
1901,Fixed_Hunk,9
1902,Buggy_Hunk,8
1903,Fixed_Hunk,9
1904,Buggy_Hunk,9
1905,Fixed_Hunk,9
1906,Buggy_Hunk,6
1907,Fixed_Hunk,6
1908,Buggy_Hunk,6
1909,Fixed_Hunk,7
1910,Buggy_Hunk,11
1911,Fixed_Hunk,12
1912,Buggy_Hunk,6
1913,Fixed_Hunk,7
1914,Buggy_Hunk,7
1915,Fixed_Hunk,11
1916,Buggy_Hunk,6
1917,Fixed_Hunk,10
1918,Buggy_Hunk,9
1919,Fixed_Hunk,7
1920,Buggy_Hunk,6
1921,Fixed_Hunk,54
1922,Buggy_Hunk,6
1923,Fixed_Hunk,8
1924,Buggy_Hunk,6
1925,Fixed_Hunk,7
1926,Buggy_Hunk,7
1927,Fixed_Hunk,7
1928,Buggy_Hunk,8
1929,Fixed_Hunk,7
1930,Buggy_Hunk,6
1931,Fixed_Hunk,6
1932,Buggy_Hunk,10
1933,Fixed_Hunk,13
1934,Buggy_Hunk,30
1935,Fixed_Hunk,48
1936,Buggy_Hunk,6
1937,Fixed_Hunk,7
1938,Buggy_Hunk,7
1939,Fixed_Hunk,7
1940,Buggy_Hunk,7
1941,Fixed_Hunk,7
1942,Buggy_Hunk,6
1943,Fixed_Hunk,9
1944,Buggy_Hunk,8
1945,Fixed_Hunk,25
1946,Buggy_Hunk,8
1947,Fixed_Hunk,8
1948,Buggy_Hunk,7
1949,Fixed_Hunk,7
1950,Buggy_Hunk,11
1951,Fixed_Hunk,19
1952,Buggy_Hunk,6
1953,Fixed_Hunk,24
1954,Buggy_Hunk,6
1955,Fixed_Hunk,7
1956,Buggy_Hunk,12
1957,Fixed_Hunk,15
1958,Buggy_Hunk,7
1959,Fixed_Hunk,7
1960,Buggy_Hunk,18
1961,Fixed_Hunk,33
1962,Buggy_Hunk,18
1963,Fixed_Hunk,33
1964,Buggy_Hunk,6
1965,Fixed_Hunk,7
1966,Buggy_Hunk,9
1967,Fixed_Hunk,13
1968,Buggy_Hunk,6
1969,Fixed_Hunk,19
1970,Buggy_Hunk,6
1971,Fixed_Hunk,7
1972,Buggy_Hunk,6
1973,Fixed_Hunk,7
1974,Buggy_Hunk,9
1975,Fixed_Hunk,9
1976,Buggy_Hunk,14
1977,Fixed_Hunk,16
1978,Buggy_Hunk,8
1979,Fixed_Hunk,7
1980,Buggy_Hunk,16
1981,Fixed_Hunk,6
1982,Buggy_Hunk,7
1983,Fixed_Hunk,7
1984,Buggy_Hunk,23
1985,Fixed_Hunk,34
1986,Buggy_Hunk,9
1987,Fixed_Hunk,7
1988,Buggy_Hunk,14
1989,Fixed_Hunk,17
1990,Buggy_Hunk,7
1991,Fixed_Hunk,7
1992,Buggy_Hunk,8
1993,Fixed_Hunk,26
1994,Buggy_Hunk,29
1995,Fixed_Hunk,23
1996,Buggy_Hunk,7
1997,Fixed_Hunk,7
1998,Buggy_Hunk,35
1999,Fixed_Hunk,34
2000,Buggy_Hunk,12
2001,Fixed_Hunk,11
2002,Buggy_Hunk,38
2003,Fixed_Hunk,23
2004,Buggy_Hunk,314
2005,Fixed_Hunk,314
2006,Buggy_Hunk,8
2007,Fixed_Hunk,8
2008,Buggy_Hunk,7
2009,Fixed_Hunk,7
2010,Buggy_Hunk,7
2011,Fixed_Hunk,7
2012,Buggy_Hunk,7
2013,Fixed_Hunk,7
2014,Buggy_Hunk,7
2015,Fixed_Hunk,7
2016,Buggy_Hunk,14
2017,Fixed_Hunk,14
2018,Buggy_Hunk,7
2019,Fixed_Hunk,7
2020,Buggy_Hunk,7
2021,Fixed_Hunk,7
2022,Buggy_Hunk,14
2023,Fixed_Hunk,14
2024,Buggy_Hunk,7
2025,Fixed_Hunk,7
2026,Buggy_Hunk,7
2027,Fixed_Hunk,7
2028,Buggy_Hunk,7
2029,Fixed_Hunk,8
2030,Buggy_Hunk,30
2031,Fixed_Hunk,44
2032,Buggy_Hunk,31
2033,Fixed_Hunk,43
2034,Buggy_Hunk,6
2035,Fixed_Hunk,9
2036,Buggy_Hunk,28
2037,Fixed_Hunk,22
2038,Buggy_Hunk,6
2039,Fixed_Hunk,14
2040,Buggy_Hunk,6
2041,Fixed_Hunk,17
2042,Buggy_Hunk,8
2043,Fixed_Hunk,8
2044,Buggy_Hunk,9
2045,Fixed_Hunk,9
2046,Buggy_Hunk,16
2047,Fixed_Hunk,16
2048,Buggy_Hunk,12
2049,Fixed_Hunk,12
2050,Buggy_Hunk,9
2051,Fixed_Hunk,9
2052,Buggy_Hunk,8
2053,Fixed_Hunk,8
2054,Buggy_Hunk,9
2055,Fixed_Hunk,9
2056,Buggy_Hunk,18
2057,Fixed_Hunk,18
2058,Buggy_Hunk,7
2059,Fixed_Hunk,7
2060,Buggy_Hunk,7
2061,Fixed_Hunk,7
2062,Buggy_Hunk,7
2063,Fixed_Hunk,7
2064,Buggy_Hunk,7
2065,Fixed_Hunk,7
2066,Buggy_Hunk,9
2067,Fixed_Hunk,9
2068,Buggy_Hunk,6
2069,Fixed_Hunk,8
2070,Buggy_Hunk,16
2071,Fixed_Hunk,22
2072,Buggy_Hunk,17
2073,Fixed_Hunk,19
2074,Buggy_Hunk,6
2075,Fixed_Hunk,13
2076,Buggy_Hunk,12
2077,Fixed_Hunk,16
2078,Buggy_Hunk,7
2079,Fixed_Hunk,7
2080,Buggy_Hunk,7
2081,Fixed_Hunk,9
2082,Buggy_Hunk,8
2083,Fixed_Hunk,8
2084,Buggy_Hunk,7
2085,Fixed_Hunk,7
2086,Buggy_Hunk,7
2087,Fixed_Hunk,8
2088,Buggy_Hunk,7
2089,Fixed_Hunk,6
2090,Buggy_Hunk,35
2091,Fixed_Hunk,26
2092,Buggy_Hunk,11
2093,Fixed_Hunk,9
2094,Buggy_Hunk,17
2095,Fixed_Hunk,11
2096,Buggy_Hunk,9
2097,Fixed_Hunk,6
2098,Buggy_Hunk,10
2099,Fixed_Hunk,16
2100,Buggy_Hunk,7
2101,Fixed_Hunk,7
2102,Buggy_Hunk,20
2103,Fixed_Hunk,17
2104,Buggy_Hunk,31
2105,Fixed_Hunk,25
2106,Buggy_Hunk,6
2107,Fixed_Hunk,7
2108,Buggy_Hunk,29
2109,Fixed_Hunk,26
2110,Buggy_Hunk,8
2111,Fixed_Hunk,6
2112,Buggy_Hunk,7
2113,Fixed_Hunk,7
2114,Buggy_Hunk,7
2115,Fixed_Hunk,7
2116,Buggy_Hunk,13
2117,Fixed_Hunk,21
2118,Buggy_Hunk,7
2119,Fixed_Hunk,7
2120,Buggy_Hunk,6
2121,Fixed_Hunk,7
2122,Buggy_Hunk,12
2123,Fixed_Hunk,12
2124,Buggy_Hunk,12
2125,Fixed_Hunk,12
2126,Buggy_Hunk,9
2127,Fixed_Hunk,6
2128,Buggy_Hunk,6
2129,Fixed_Hunk,8
2130,Buggy_Hunk,6
2131,Fixed_Hunk,7
2132,Buggy_Hunk,6
2133,Fixed_Hunk,7
2134,Buggy_Hunk,7
2135,Fixed_Hunk,7
2136,Buggy_Hunk,7
2137,Fixed_Hunk,7
2138,Buggy_Hunk,7
2139,Fixed_Hunk,9
2140,Buggy_Hunk,6
2141,Fixed_Hunk,7
2142,Buggy_Hunk,12
2143,Fixed_Hunk,17
2144,Buggy_Hunk,6
2145,Fixed_Hunk,7
2146,Buggy_Hunk,6
2147,Fixed_Hunk,8
2148,Buggy_Hunk,11
2149,Fixed_Hunk,14
2150,Buggy_Hunk,7
2151,Fixed_Hunk,7
2152,Buggy_Hunk,7
2153,Fixed_Hunk,7
2154,Buggy_Hunk,7
2155,Fixed_Hunk,7
2156,Buggy_Hunk,7
2157,Fixed_Hunk,6
2158,Buggy_Hunk,6
2159,Fixed_Hunk,9
2160,Buggy_Hunk,6
2161,Fixed_Hunk,8
2162,Buggy_Hunk,9
2163,Fixed_Hunk,13
2164,Buggy_Hunk,11
2165,Fixed_Hunk,11
2166,Buggy_Hunk,10
2167,Fixed_Hunk,15
2168,Buggy_Hunk,12
2169,Fixed_Hunk,18
2170,Buggy_Hunk,6
2171,Fixed_Hunk,7
2172,Buggy_Hunk,7
2173,Fixed_Hunk,7
2174,Buggy_Hunk,9
2175,Fixed_Hunk,9
2176,Buggy_Hunk,11
2177,Fixed_Hunk,10
2178,Buggy_Hunk,18
2179,Fixed_Hunk,19
2180,Buggy_Hunk,8
2181,Fixed_Hunk,8
2182,Buggy_Hunk,8
2183,Fixed_Hunk,8
2184,Buggy_Hunk,9
2185,Fixed_Hunk,9
2186,Buggy_Hunk,7
2187,Fixed_Hunk,7
2188,Buggy_Hunk,6
2189,Fixed_Hunk,14
2190,Buggy_Hunk,8
2191,Fixed_Hunk,11
2192,Buggy_Hunk,15
2193,Fixed_Hunk,20
2194,Buggy_Hunk,8
2195,Fixed_Hunk,10
2196,Buggy_Hunk,17
2197,Fixed_Hunk,17
2198,Buggy_Hunk,6
2199,Fixed_Hunk,16
2200,Buggy_Hunk,8
2201,Fixed_Hunk,8
2202,Buggy_Hunk,7
2203,Fixed_Hunk,7
2204,Buggy_Hunk,9
2205,Fixed_Hunk,9
2206,Buggy_Hunk,11
2207,Fixed_Hunk,11
2208,Buggy_Hunk,56
2209,Fixed_Hunk,56
2210,Buggy_Hunk,7
2211,Fixed_Hunk,7
2212,Buggy_Hunk,12
2213,Fixed_Hunk,12
2214,Buggy_Hunk,7
2215,Fixed_Hunk,7
2216,Buggy_Hunk,9
2217,Fixed_Hunk,9
2218,Buggy_Hunk,20
2219,Fixed_Hunk,20
2220,Buggy_Hunk,7
2221,Fixed_Hunk,7
2222,Buggy_Hunk,12
2223,Fixed_Hunk,12
2224,Buggy_Hunk,14
2225,Fixed_Hunk,14
2226,Buggy_Hunk,12
2227,Fixed_Hunk,12
2228,Buggy_Hunk,7
2229,Fixed_Hunk,7
2230,Buggy_Hunk,7
2231,Fixed_Hunk,7
2232,Buggy_Hunk,7
2233,Fixed_Hunk,7
2234,Buggy_Hunk,7
2235,Fixed_Hunk,7
2236,Buggy_Hunk,17
2237,Fixed_Hunk,17
2238,Buggy_Hunk,7
2239,Fixed_Hunk,7
2240,Buggy_Hunk,7
2241,Fixed_Hunk,7
2242,Buggy_Hunk,155
2243,Fixed_Hunk,150
2244,Buggy_Hunk,10
2245,Fixed_Hunk,10
2246,Buggy_Hunk,6
2247,Fixed_Hunk,7
2248,Buggy_Hunk,6
2249,Fixed_Hunk,7
2250,Buggy_Hunk,7
2251,Fixed_Hunk,11
2252,Buggy_Hunk,12
2253,Fixed_Hunk,12
2254,Buggy_Hunk,40
2255,Fixed_Hunk,43
2256,Buggy_Hunk,9
2257,Fixed_Hunk,9
2258,Buggy_Hunk,7
2259,Fixed_Hunk,7
2260,Buggy_Hunk,7
2261,Fixed_Hunk,7
2262,Buggy_Hunk,10
2263,Fixed_Hunk,10
2264,Buggy_Hunk,8
2265,Fixed_Hunk,8
2266,Buggy_Hunk,7
2267,Fixed_Hunk,7
2268,Buggy_Hunk,8
2269,Fixed_Hunk,8
2270,Buggy_Hunk,7
2271,Fixed_Hunk,9
2272,Buggy_Hunk,8
2273,Fixed_Hunk,8
2274,Buggy_Hunk,7
2275,Fixed_Hunk,9
2276,Buggy_Hunk,8
2277,Fixed_Hunk,12
2278,Buggy_Hunk,6
2279,Fixed_Hunk,9
2280,Buggy_Hunk,6
2281,Fixed_Hunk,8
2282,Buggy_Hunk,6
2283,Fixed_Hunk,8
2284,Buggy_Hunk,6
2285,Fixed_Hunk,7
2286,Buggy_Hunk,7
2287,Fixed_Hunk,7
2288,Buggy_Hunk,10
2289,Fixed_Hunk,9
2290,Buggy_Hunk,7
2291,Fixed_Hunk,7
2292,Buggy_Hunk,16
2293,Fixed_Hunk,16
2294,Buggy_Hunk,10
2295,Fixed_Hunk,8
2296,Buggy_Hunk,17
2297,Fixed_Hunk,23
2298,Buggy_Hunk,6
2299,Fixed_Hunk,8
2300,Buggy_Hunk,11
2301,Fixed_Hunk,9
2302,Buggy_Hunk,7
2303,Fixed_Hunk,7
2304,Buggy_Hunk,8
2305,Fixed_Hunk,7
2306,Buggy_Hunk,7
2307,Fixed_Hunk,6
2308,Buggy_Hunk,28
2309,Fixed_Hunk,26
2310,Buggy_Hunk,15
2311,Fixed_Hunk,13
2312,Buggy_Hunk,32
2313,Fixed_Hunk,47
2314,Buggy_Hunk,13
2315,Fixed_Hunk,15
2316,Buggy_Hunk,11
2317,Fixed_Hunk,13
2318,Buggy_Hunk,6
2319,Fixed_Hunk,7
2320,Buggy_Hunk,12
2321,Fixed_Hunk,15
2322,Buggy_Hunk,7
2323,Fixed_Hunk,8
2324,Buggy_Hunk,9
2325,Fixed_Hunk,10
2326,Buggy_Hunk,9
2327,Fixed_Hunk,10
2328,Buggy_Hunk,10
2329,Fixed_Hunk,11
2330,Buggy_Hunk,20
2331,Fixed_Hunk,21
2332,Buggy_Hunk,7
2333,Fixed_Hunk,6
2334,Buggy_Hunk,7
2335,Fixed_Hunk,6
2336,Buggy_Hunk,6
2337,Fixed_Hunk,9
2338,Buggy_Hunk,40
2339,Fixed_Hunk,41
2340,Buggy_Hunk,7
2341,Fixed_Hunk,7
2342,Buggy_Hunk,6
2343,Fixed_Hunk,23
2344,Buggy_Hunk,6
2345,Fixed_Hunk,8
2346,Buggy_Hunk,6
2347,Fixed_Hunk,9
2348,Buggy_Hunk,7
2349,Fixed_Hunk,7
2350,Buggy_Hunk,11
2351,Fixed_Hunk,11
2352,Buggy_Hunk,4
2353,Fixed_Hunk,65
2354,Buggy_Hunk,7
2355,Fixed_Hunk,7
2356,Buggy_Hunk,7
2357,Fixed_Hunk,7
2358,Buggy_Hunk,18
2359,Fixed_Hunk,18
2360,Buggy_Hunk,7
2361,Fixed_Hunk,7
2362,Buggy_Hunk,13
2363,Fixed_Hunk,13
2364,Buggy_Hunk,7
2365,Fixed_Hunk,7
2366,Buggy_Hunk,7
2367,Fixed_Hunk,7
2368,Buggy_Hunk,7
2369,Fixed_Hunk,7
2370,Buggy_Hunk,88
2371,Fixed_Hunk,83
2372,Buggy_Hunk,7
2373,Fixed_Hunk,8
2374,Buggy_Hunk,6
2375,Fixed_Hunk,8
2376,Buggy_Hunk,6
2377,Fixed_Hunk,7
2378,Buggy_Hunk,6
2379,Fixed_Hunk,8
2380,Buggy_Hunk,7
2381,Fixed_Hunk,7
2382,Buggy_Hunk,15
2383,Fixed_Hunk,15
2384,Buggy_Hunk,6
2385,Fixed_Hunk,37
2386,Buggy_Hunk,7
2387,Fixed_Hunk,8
2388,Buggy_Hunk,7
2389,Fixed_Hunk,9
2390,Buggy_Hunk,7
2391,Fixed_Hunk,7
2392,Buggy_Hunk,8
2393,Fixed_Hunk,15
2394,Buggy_Hunk,6
2395,Fixed_Hunk,7
2396,Buggy_Hunk,6
2397,Fixed_Hunk,7
2398,Buggy_Hunk,9
2399,Fixed_Hunk,9
2400,Buggy_Hunk,6
2401,Fixed_Hunk,7
2402,Buggy_Hunk,7
2403,Fixed_Hunk,7
2404,Buggy_Hunk,13
2405,Fixed_Hunk,14
2406,Buggy_Hunk,7
2407,Fixed_Hunk,7
2408,Buggy_Hunk,7
2409,Fixed_Hunk,7
2410,Buggy_Hunk,7
2411,Fixed_Hunk,7
2412,Buggy_Hunk,7
2413,Fixed_Hunk,6
2414,Buggy_Hunk,11
2415,Fixed_Hunk,16
2416,Buggy_Hunk,9
2417,Fixed_Hunk,9
2418,Buggy_Hunk,7
2419,Fixed_Hunk,7
2420,Buggy_Hunk,15
2421,Fixed_Hunk,11
2422,Buggy_Hunk,7
2423,Fixed_Hunk,7
2424,Buggy_Hunk,7
2425,Fixed_Hunk,7
2426,Buggy_Hunk,7
2427,Fixed_Hunk,7
2428,Buggy_Hunk,14
2429,Fixed_Hunk,13
2430,Buggy_Hunk,6
2431,Fixed_Hunk,33
2432,Buggy_Hunk,7
2433,Fixed_Hunk,7
2434,Buggy_Hunk,7
2435,Fixed_Hunk,7
2436,Buggy_Hunk,7
2437,Fixed_Hunk,7
2438,Buggy_Hunk,7
2439,Fixed_Hunk,7
2440,Buggy_Hunk,6
2441,Fixed_Hunk,8
2442,Buggy_Hunk,9
2443,Fixed_Hunk,10
2444,Buggy_Hunk,45
2445,Fixed_Hunk,45
2446,Buggy_Hunk,13
2447,Fixed_Hunk,21
2448,Buggy_Hunk,32
2449,Fixed_Hunk,29
2450,Buggy_Hunk,7
2451,Fixed_Hunk,7
2452,Buggy_Hunk,6
2453,Fixed_Hunk,84
2454,Buggy_Hunk,7
2455,Fixed_Hunk,7
2456,Buggy_Hunk,7
2457,Fixed_Hunk,7
2458,Buggy_Hunk,14
2459,Fixed_Hunk,14
2460,Buggy_Hunk,7
2461,Fixed_Hunk,7
2462,Buggy_Hunk,9
2463,Fixed_Hunk,9
2464,Buggy_Hunk,14
2465,Fixed_Hunk,14
2466,Buggy_Hunk,46
2467,Fixed_Hunk,40
2468,Buggy_Hunk,9
2469,Fixed_Hunk,9
2470,Buggy_Hunk,13
2471,Fixed_Hunk,13
2472,Buggy_Hunk,6
2473,Fixed_Hunk,71
2474,Buggy_Hunk,7
2475,Fixed_Hunk,7
2476,Buggy_Hunk,7
2477,Fixed_Hunk,8
2478,Buggy_Hunk,8
2479,Fixed_Hunk,9
2480,Buggy_Hunk,7
2481,Fixed_Hunk,7
2482,Buggy_Hunk,7
2483,Fixed_Hunk,7
2484,Buggy_Hunk,7
2485,Fixed_Hunk,7
2486,Buggy_Hunk,6
2487,Fixed_Hunk,8
2488,Buggy_Hunk,50
2489,Fixed_Hunk,60
2490,Buggy_Hunk,6
2491,Fixed_Hunk,11
2492,Buggy_Hunk,6
2493,Fixed_Hunk,11
2494,Buggy_Hunk,18
2495,Fixed_Hunk,6
2496,Buggy_Hunk,7
2497,Fixed_Hunk,7
2498,Buggy_Hunk,6
2499,Fixed_Hunk,10
2500,Buggy_Hunk,40
2501,Fixed_Hunk,41
2502,Buggy_Hunk,9
2503,Fixed_Hunk,7
2504,Buggy_Hunk,14
2505,Fixed_Hunk,14
2506,Buggy_Hunk,7
2507,Fixed_Hunk,7
2508,Buggy_Hunk,10
2509,Fixed_Hunk,10
2510,Buggy_Hunk,6
2511,Fixed_Hunk,9
2512,Buggy_Hunk,10
2513,Fixed_Hunk,10
2514,Buggy_Hunk,12
2515,Fixed_Hunk,12
2516,Buggy_Hunk,7
2517,Fixed_Hunk,7
2518,Buggy_Hunk,7
2519,Fixed_Hunk,7
2520,Buggy_Hunk,7
2521,Fixed_Hunk,7
2522,Buggy_Hunk,7
2523,Fixed_Hunk,7
2524,Buggy_Hunk,14
2525,Fixed_Hunk,14
2526,Buggy_Hunk,8
2527,Fixed_Hunk,25
2528,Buggy_Hunk,9
2529,Fixed_Hunk,9
2530,Buggy_Hunk,22
2531,Fixed_Hunk,42
2532,Buggy_Hunk,7
2533,Fixed_Hunk,7
2534,Buggy_Hunk,7
2535,Fixed_Hunk,7
2536,Buggy_Hunk,7
2537,Fixed_Hunk,7
2538,Buggy_Hunk,7
2539,Fixed_Hunk,7
2540,Buggy_Hunk,13
2541,Fixed_Hunk,13
2542,Buggy_Hunk,7
2543,Fixed_Hunk,7
2544,Buggy_Hunk,64
2545,Fixed_Hunk,34
2546,Buggy_Hunk,9
2547,Fixed_Hunk,7
2548,Buggy_Hunk,6
2549,Fixed_Hunk,9
2550,Buggy_Hunk,18
2551,Fixed_Hunk,17
2552,Buggy_Hunk,8
2553,Fixed_Hunk,9
2554,Buggy_Hunk,8
2555,Fixed_Hunk,8
2556,Buggy_Hunk,56
2557,Fixed_Hunk,36
2558,Buggy_Hunk,31
2559,Fixed_Hunk,31
2560,Buggy_Hunk,12
2561,Fixed_Hunk,13
2562,Buggy_Hunk,6
2563,Fixed_Hunk,8
2564,Buggy_Hunk,6
2565,Fixed_Hunk,8
2566,Buggy_Hunk,15
2567,Fixed_Hunk,15
2568,Buggy_Hunk,7
2569,Fixed_Hunk,7
2570,Buggy_Hunk,6
2571,Fixed_Hunk,8
2572,Buggy_Hunk,6
2573,Fixed_Hunk,8
2574,Buggy_Hunk,7
2575,Fixed_Hunk,7
2576,Buggy_Hunk,6
2577,Fixed_Hunk,7
2578,Buggy_Hunk,7
2579,Fixed_Hunk,11
2580,Buggy_Hunk,6
2581,Fixed_Hunk,7
2582,Buggy_Hunk,22
2583,Fixed_Hunk,20
2584,Buggy_Hunk,7
2585,Fixed_Hunk,7
2586,Buggy_Hunk,10
2587,Fixed_Hunk,12
2588,Buggy_Hunk,10
2589,Fixed_Hunk,10
2590,Buggy_Hunk,10
2591,Fixed_Hunk,10
2592,Buggy_Hunk,8
2593,Fixed_Hunk,8
2594,Buggy_Hunk,22
2595,Fixed_Hunk,14
2596,Buggy_Hunk,28
2597,Fixed_Hunk,33
2598,Buggy_Hunk,27
2599,Fixed_Hunk,11
2600,Buggy_Hunk,90
2601,Fixed_Hunk,100
2602,Buggy_Hunk,29
2603,Fixed_Hunk,47
2604,Buggy_Hunk,16
2605,Fixed_Hunk,16
2606,Buggy_Hunk,8
2607,Fixed_Hunk,10
2608,Buggy_Hunk,7
2609,Fixed_Hunk,6
2610,Buggy_Hunk,19
2611,Fixed_Hunk,18
2612,Buggy_Hunk,33
2613,Fixed_Hunk,30
2614,Buggy_Hunk,120
2615,Fixed_Hunk,119
2616,Buggy_Hunk,9
2617,Fixed_Hunk,42
2618,Buggy_Hunk,9
2619,Fixed_Hunk,7
2620,Buggy_Hunk,7
2621,Fixed_Hunk,6
2622,Buggy_Hunk,7
2623,Fixed_Hunk,7
2624,Buggy_Hunk,15
2625,Fixed_Hunk,15
2626,Buggy_Hunk,25
2627,Fixed_Hunk,25
2628,Buggy_Hunk,7
2629,Fixed_Hunk,7
2630,Buggy_Hunk,7
2631,Fixed_Hunk,7
2632,Buggy_Hunk,7
2633,Fixed_Hunk,7
2634,Buggy_Hunk,10
2635,Fixed_Hunk,10
2636,Buggy_Hunk,9
2637,Fixed_Hunk,9
2638,Buggy_Hunk,10
2639,Fixed_Hunk,9
2640,Buggy_Hunk,7
2641,Fixed_Hunk,7
2642,Buggy_Hunk,9
2643,Fixed_Hunk,9
2644,Buggy_Hunk,19
2645,Fixed_Hunk,16
2646,Buggy_Hunk,19
2647,Fixed_Hunk,19
2648,Buggy_Hunk,10
2649,Fixed_Hunk,9
2650,Buggy_Hunk,17
2651,Fixed_Hunk,17
2652,Buggy_Hunk,7
2653,Fixed_Hunk,7
2654,Buggy_Hunk,7
2655,Fixed_Hunk,7
2656,Buggy_Hunk,7
2657,Fixed_Hunk,7
2658,Buggy_Hunk,6
2659,Fixed_Hunk,8
2660,Buggy_Hunk,15
2661,Fixed_Hunk,15
2662,Buggy_Hunk,9
2663,Fixed_Hunk,9
2664,Buggy_Hunk,9
2665,Fixed_Hunk,10
2666,Buggy_Hunk,6
2667,Fixed_Hunk,10
2668,Buggy_Hunk,7
2669,Fixed_Hunk,7
2670,Buggy_Hunk,11
2671,Fixed_Hunk,6
2672,Buggy_Hunk,7
2673,Fixed_Hunk,7
2674,Buggy_Hunk,7
2675,Fixed_Hunk,7
2676,Buggy_Hunk,23
2677,Fixed_Hunk,23
2678,Buggy_Hunk,8
2679,Fixed_Hunk,9
2680,Buggy_Hunk,106
2681,Fixed_Hunk,90
2682,Buggy_Hunk,6
2683,Fixed_Hunk,8
2684,Buggy_Hunk,6
2685,Fixed_Hunk,8
2686,Buggy_Hunk,6
2687,Fixed_Hunk,7
2688,Buggy_Hunk,6
2689,Fixed_Hunk,7
2690,Buggy_Hunk,8
2691,Fixed_Hunk,7
2692,Buggy_Hunk,7
2693,Fixed_Hunk,8
2694,Buggy_Hunk,7
2695,Fixed_Hunk,7
2696,Buggy_Hunk,22
2697,Fixed_Hunk,21
2698,Buggy_Hunk,16
2699,Fixed_Hunk,25
2700,Buggy_Hunk,20
2701,Fixed_Hunk,19
2702,Buggy_Hunk,21
2703,Fixed_Hunk,26
2704,Buggy_Hunk,165
2705,Fixed_Hunk,137
2706,Buggy_Hunk,11
2707,Fixed_Hunk,12
2708,Buggy_Hunk,7
2709,Fixed_Hunk,7
2710,Buggy_Hunk,7
2711,Fixed_Hunk,7
2712,Buggy_Hunk,7
2713,Fixed_Hunk,7
2714,Buggy_Hunk,7
2715,Fixed_Hunk,7
2716,Buggy_Hunk,7
2717,Fixed_Hunk,6
2718,Buggy_Hunk,32
2719,Fixed_Hunk,32
2720,Buggy_Hunk,7
2721,Fixed_Hunk,7
2722,Buggy_Hunk,7
2723,Fixed_Hunk,7
2724,Buggy_Hunk,7
2725,Fixed_Hunk,6
2726,Buggy_Hunk,31
2727,Fixed_Hunk,30
2728,Buggy_Hunk,7
2729,Fixed_Hunk,6
2730,Buggy_Hunk,8
2731,Fixed_Hunk,6
2732,Buggy_Hunk,8
2733,Fixed_Hunk,6
2734,Buggy_Hunk,6
2735,Fixed_Hunk,7
2736,Buggy_Hunk,64
2737,Fixed_Hunk,63
2738,Buggy_Hunk,10
2739,Fixed_Hunk,10
2740,Buggy_Hunk,8
2741,Fixed_Hunk,6
2742,Buggy_Hunk,7
2743,Fixed_Hunk,7
2744,Buggy_Hunk,7
2745,Fixed_Hunk,7
2746,Buggy_Hunk,7
2747,Fixed_Hunk,7
2748,Buggy_Hunk,7
2749,Fixed_Hunk,7
2750,Buggy_Hunk,9
2751,Fixed_Hunk,9
2752,Buggy_Hunk,21
2753,Fixed_Hunk,21
2754,Buggy_Hunk,7
2755,Fixed_Hunk,7
2756,Buggy_Hunk,13
2757,Fixed_Hunk,9
2758,Buggy_Hunk,10
2759,Fixed_Hunk,7
2760,Buggy_Hunk,7
2761,Fixed_Hunk,7
2762,Buggy_Hunk,20
2763,Fixed_Hunk,18
2764,Buggy_Hunk,7
2765,Fixed_Hunk,7
2766,Buggy_Hunk,51
2767,Fixed_Hunk,82
2768,Buggy_Hunk,53
2769,Fixed_Hunk,19
2770,Buggy_Hunk,7
2771,Fixed_Hunk,7
2772,Buggy_Hunk,17
2773,Fixed_Hunk,17
2774,Buggy_Hunk,17
2775,Fixed_Hunk,17
2776,Buggy_Hunk,9
2777,Fixed_Hunk,9
2778,Buggy_Hunk,7
2779,Fixed_Hunk,7
2780,Buggy_Hunk,12
2781,Fixed_Hunk,12
2782,Buggy_Hunk,7
2783,Fixed_Hunk,7
2784,Buggy_Hunk,7
2785,Fixed_Hunk,7
2786,Buggy_Hunk,7
2787,Fixed_Hunk,7
2788,Buggy_Hunk,9
2789,Fixed_Hunk,11
2790,Buggy_Hunk,9
2791,Fixed_Hunk,11
2792,Buggy_Hunk,9
2793,Fixed_Hunk,11
2794,Buggy_Hunk,27
2795,Fixed_Hunk,27
2796,Buggy_Hunk,7
2797,Fixed_Hunk,7
2798,Buggy_Hunk,8
2799,Fixed_Hunk,8
2800,Buggy_Hunk,7
2801,Fixed_Hunk,8
2802,Buggy_Hunk,7
2803,Fixed_Hunk,7
2804,Buggy_Hunk,7
2805,Fixed_Hunk,7
2806,Buggy_Hunk,7
2807,Fixed_Hunk,7
2808,Buggy_Hunk,9
2809,Fixed_Hunk,9
2810,Buggy_Hunk,9
2811,Fixed_Hunk,9
2812,Buggy_Hunk,9
2813,Fixed_Hunk,9
2814,Buggy_Hunk,9
2815,Fixed_Hunk,9
2816,Buggy_Hunk,8
2817,Fixed_Hunk,8
2818,Buggy_Hunk,10
2819,Fixed_Hunk,10
2820,Buggy_Hunk,71
2821,Fixed_Hunk,77
2822,Buggy_Hunk,7
2823,Fixed_Hunk,7
2824,Buggy_Hunk,7
2825,Fixed_Hunk,7
2826,Buggy_Hunk,7
2827,Fixed_Hunk,7
2828,Buggy_Hunk,21
2829,Fixed_Hunk,21
2830,Buggy_Hunk,7
2831,Fixed_Hunk,7
2832,Buggy_Hunk,7
2833,Fixed_Hunk,7
2834,Buggy_Hunk,6
2835,Fixed_Hunk,7
2836,Buggy_Hunk,6
2837,Fixed_Hunk,7
2838,Buggy_Hunk,9
2839,Fixed_Hunk,9
2840,Buggy_Hunk,7
2841,Fixed_Hunk,8
2842,Buggy_Hunk,9
2843,Fixed_Hunk,10
2844,Buggy_Hunk,12
2845,Fixed_Hunk,6
2846,Buggy_Hunk,7
2847,Fixed_Hunk,8
2848,Buggy_Hunk,10
2849,Fixed_Hunk,9
2850,Buggy_Hunk,6
2851,Fixed_Hunk,10
2852,Buggy_Hunk,7
2853,Fixed_Hunk,14
2854,Buggy_Hunk,6
2855,Fixed_Hunk,7
2856,Buggy_Hunk,6
2857,Fixed_Hunk,7
2858,Buggy_Hunk,7
2859,Fixed_Hunk,9
2860,Buggy_Hunk,16
2861,Fixed_Hunk,9
2862,Buggy_Hunk,7
2863,Fixed_Hunk,7
2864,Buggy_Hunk,21
2865,Fixed_Hunk,7
2866,Buggy_Hunk,6
2867,Fixed_Hunk,21
2868,Buggy_Hunk,7
2869,Fixed_Hunk,7
2870,Buggy_Hunk,7
2871,Fixed_Hunk,7
2872,Buggy_Hunk,8
2873,Fixed_Hunk,9
2874,Buggy_Hunk,18
2875,Fixed_Hunk,23
2876,Buggy_Hunk,11
2877,Fixed_Hunk,11
2878,Buggy_Hunk,8
2879,Fixed_Hunk,12
2880,Buggy_Hunk,9
2881,Fixed_Hunk,9
2882,Buggy_Hunk,28
2883,Fixed_Hunk,39
2884,Buggy_Hunk,7
2885,Fixed_Hunk,7
2886,Buggy_Hunk,7
2887,Fixed_Hunk,7
2888,Buggy_Hunk,7
2889,Fixed_Hunk,7
2890,Buggy_Hunk,6
2891,Fixed_Hunk,7
2892,Buggy_Hunk,6
2893,Fixed_Hunk,7
2894,Buggy_Hunk,7
2895,Fixed_Hunk,7
2896,Buggy_Hunk,7
2897,Fixed_Hunk,6
2898,Buggy_Hunk,6
2899,Fixed_Hunk,9
2900,Buggy_Hunk,7
2901,Fixed_Hunk,6
2902,Buggy_Hunk,6
2903,Fixed_Hunk,9
2904,Buggy_Hunk,8
2905,Fixed_Hunk,10
2906,Buggy_Hunk,12
2907,Fixed_Hunk,16
2908,Buggy_Hunk,8
2909,Fixed_Hunk,9
2910,Buggy_Hunk,7
2911,Fixed_Hunk,7
2912,Buggy_Hunk,7
2913,Fixed_Hunk,6
2914,Buggy_Hunk,7
2915,Fixed_Hunk,7
2916,Buggy_Hunk,7
2917,Fixed_Hunk,7
2918,Buggy_Hunk,6
2919,Fixed_Hunk,7
2920,Buggy_Hunk,8
2921,Fixed_Hunk,8
2922,Buggy_Hunk,7
2923,Fixed_Hunk,6
2924,Buggy_Hunk,23
2925,Fixed_Hunk,23
2926,Buggy_Hunk,7
2927,Fixed_Hunk,6
2928,Buggy_Hunk,7
2929,Fixed_Hunk,6
2930,Buggy_Hunk,6
2931,Fixed_Hunk,7
2932,Buggy_Hunk,7
2933,Fixed_Hunk,7
2934,Buggy_Hunk,7
2935,Fixed_Hunk,7
2936,Buggy_Hunk,7
2937,Fixed_Hunk,8
2938,Buggy_Hunk,6
2939,Fixed_Hunk,10
2940,Buggy_Hunk,8
2941,Fixed_Hunk,8
2942,Buggy_Hunk,11
2943,Fixed_Hunk,11
2944,Buggy_Hunk,20
2945,Fixed_Hunk,29
2946,Buggy_Hunk,9
2947,Fixed_Hunk,13
2948,Buggy_Hunk,7
2949,Fixed_Hunk,7
2950,Buggy_Hunk,6
2951,Fixed_Hunk,7
2952,Buggy_Hunk,6
2953,Fixed_Hunk,9
2954,Buggy_Hunk,7
2955,Fixed_Hunk,7
2956,Buggy_Hunk,10
2957,Fixed_Hunk,10
2958,Buggy_Hunk,16
2959,Fixed_Hunk,23
2960,Buggy_Hunk,8
2961,Fixed_Hunk,10
2962,Buggy_Hunk,13
2963,Fixed_Hunk,16
2964,Buggy_Hunk,7
2965,Fixed_Hunk,7
2966,Buggy_Hunk,47
2967,Fixed_Hunk,49
2968,Buggy_Hunk,8
2969,Fixed_Hunk,8
2970,Buggy_Hunk,9
2971,Fixed_Hunk,9
2972,Buggy_Hunk,14
2973,Fixed_Hunk,18
2974,Buggy_Hunk,32
2975,Fixed_Hunk,33
2976,Buggy_Hunk,12
2977,Fixed_Hunk,12
2978,Buggy_Hunk,11
2979,Fixed_Hunk,11
2980,Buggy_Hunk,8
2981,Fixed_Hunk,8
2982,Buggy_Hunk,12
2983,Fixed_Hunk,13
2984,Buggy_Hunk,9
2985,Fixed_Hunk,9
2986,Buggy_Hunk,11
2987,Fixed_Hunk,11
2988,Buggy_Hunk,9
2989,Fixed_Hunk,9
2990,Buggy_Hunk,9
2991,Fixed_Hunk,9
2992,Buggy_Hunk,11
2993,Fixed_Hunk,11
2994,Buggy_Hunk,11
2995,Fixed_Hunk,11
2996,Buggy_Hunk,11
2997,Fixed_Hunk,11
2998,Buggy_Hunk,11
2999,Fixed_Hunk,11
3000,Buggy_Hunk,11
3001,Fixed_Hunk,11
3002,Buggy_Hunk,11
3003,Fixed_Hunk,11
3004,Buggy_Hunk,11
3005,Fixed_Hunk,11
3006,Buggy_Hunk,7
3007,Fixed_Hunk,7
3008,Buggy_Hunk,7
3009,Fixed_Hunk,7
3010,Buggy_Hunk,7
3011,Fixed_Hunk,7
3012,Buggy_Hunk,7
3013,Fixed_Hunk,7
3014,Buggy_Hunk,8
3015,Fixed_Hunk,8
3016,Buggy_Hunk,7
3017,Fixed_Hunk,7
3018,Buggy_Hunk,7
3019,Fixed_Hunk,8
3020,Buggy_Hunk,10
3021,Fixed_Hunk,11
3022,Buggy_Hunk,7
3023,Fixed_Hunk,8
3024,Buggy_Hunk,6
3025,Fixed_Hunk,7
3026,Buggy_Hunk,12
3027,Fixed_Hunk,11
3028,Buggy_Hunk,7
3029,Fixed_Hunk,7
3030,Buggy_Hunk,11
3031,Fixed_Hunk,6
3032,Buggy_Hunk,6
3033,Fixed_Hunk,7
3034,Buggy_Hunk,7
3035,Fixed_Hunk,15
3036,Buggy_Hunk,50
3037,Fixed_Hunk,23
3038,Buggy_Hunk,15
3039,Fixed_Hunk,7
3040,Buggy_Hunk,29
3041,Fixed_Hunk,32
3042,Buggy_Hunk,7
3043,Fixed_Hunk,7
3044,Buggy_Hunk,6
3045,Fixed_Hunk,7
3046,Buggy_Hunk,11
3047,Fixed_Hunk,10
3048,Buggy_Hunk,7
3049,Fixed_Hunk,8
3050,Buggy_Hunk,6
3051,Fixed_Hunk,9
3052,Buggy_Hunk,6
3053,Fixed_Hunk,13
3054,Buggy_Hunk,10
3055,Fixed_Hunk,6
3056,Buggy_Hunk,10
3057,Fixed_Hunk,12
3058,Buggy_Hunk,19
3059,Fixed_Hunk,55
3060,Buggy_Hunk,11
3061,Fixed_Hunk,11
3062,Buggy_Hunk,7
3063,Fixed_Hunk,7
3064,Buggy_Hunk,8
3065,Fixed_Hunk,8
3066,Buggy_Hunk,7
3067,Fixed_Hunk,7
3068,Buggy_Hunk,17
3069,Fixed_Hunk,16
3070,Buggy_Hunk,6
3071,Fixed_Hunk,8
3072,Buggy_Hunk,13
3073,Fixed_Hunk,16
3074,Buggy_Hunk,11
3075,Fixed_Hunk,13
3076,Buggy_Hunk,6
3077,Fixed_Hunk,7
3078,Buggy_Hunk,7
3079,Fixed_Hunk,7
3080,Buggy_Hunk,8
3081,Fixed_Hunk,9
3082,Buggy_Hunk,7
3083,Fixed_Hunk,7
3084,Buggy_Hunk,7
3085,Fixed_Hunk,7
3086,Buggy_Hunk,6
3087,Fixed_Hunk,7
3088,Buggy_Hunk,7
3089,Fixed_Hunk,8
3090,Buggy_Hunk,7
3091,Fixed_Hunk,8
3092,Buggy_Hunk,10
3093,Fixed_Hunk,10
3094,Buggy_Hunk,18
3095,Fixed_Hunk,18
3096,Buggy_Hunk,7
3097,Fixed_Hunk,16
3098,Buggy_Hunk,11
3099,Fixed_Hunk,13
3100,Buggy_Hunk,10
3101,Fixed_Hunk,20
3102,Buggy_Hunk,9
3103,Fixed_Hunk,12
3104,Buggy_Hunk,9
3105,Fixed_Hunk,12
3106,Buggy_Hunk,7
3107,Fixed_Hunk,7
3108,Buggy_Hunk,6
3109,Fixed_Hunk,8
3110,Buggy_Hunk,8
3111,Fixed_Hunk,8
3112,Buggy_Hunk,6
3113,Fixed_Hunk,10
3114,Buggy_Hunk,7
3115,Fixed_Hunk,7
3116,Buggy_Hunk,7
3117,Fixed_Hunk,7
3118,Buggy_Hunk,7
3119,Fixed_Hunk,7
3120,Buggy_Hunk,7
3121,Fixed_Hunk,7
3122,Buggy_Hunk,17
3123,Fixed_Hunk,17
3124,Buggy_Hunk,7
3125,Fixed_Hunk,7
3126,Buggy_Hunk,7
3127,Fixed_Hunk,7
3128,Buggy_Hunk,7
3129,Fixed_Hunk,7
3130,Buggy_Hunk,7
3131,Fixed_Hunk,8
3132,Buggy_Hunk,6
3133,Fixed_Hunk,7
3134,Buggy_Hunk,8
3135,Fixed_Hunk,8
3136,Buggy_Hunk,7
3137,Fixed_Hunk,7
3138,Buggy_Hunk,7
3139,Fixed_Hunk,7
3140,Buggy_Hunk,7
3141,Fixed_Hunk,7
3142,Buggy_Hunk,9
3143,Fixed_Hunk,9
3144,Buggy_Hunk,19
3145,Fixed_Hunk,19
3146,Buggy_Hunk,7
3147,Fixed_Hunk,7
3148,Buggy_Hunk,7
3149,Fixed_Hunk,7
3150,Buggy_Hunk,15
3151,Fixed_Hunk,15
3152,Buggy_Hunk,9
3153,Fixed_Hunk,9
3154,Buggy_Hunk,7
3155,Fixed_Hunk,7
3156,Buggy_Hunk,7
3157,Fixed_Hunk,7
3158,Buggy_Hunk,21
3159,Fixed_Hunk,27
3160,Buggy_Hunk,14
3161,Fixed_Hunk,14
3162,Buggy_Hunk,26
3163,Fixed_Hunk,10
3164,Buggy_Hunk,20
3165,Fixed_Hunk,19
3166,Buggy_Hunk,22
3167,Fixed_Hunk,21
3168,Buggy_Hunk,7
3169,Fixed_Hunk,7
3170,Buggy_Hunk,9
3171,Fixed_Hunk,17
3172,Buggy_Hunk,13
3173,Fixed_Hunk,14
3174,Buggy_Hunk,25
3175,Fixed_Hunk,27
3176,Buggy_Hunk,6
3177,Fixed_Hunk,26
3178,Buggy_Hunk,7
3179,Fixed_Hunk,8
3180,Buggy_Hunk,7
3181,Fixed_Hunk,6
3182,Buggy_Hunk,6
3183,Fixed_Hunk,7
3184,Buggy_Hunk,8
3185,Fixed_Hunk,6
3186,Buggy_Hunk,16
3187,Fixed_Hunk,14
3188,Buggy_Hunk,6
3189,Fixed_Hunk,7
3190,Buggy_Hunk,8
3191,Fixed_Hunk,8
3192,Buggy_Hunk,7
3193,Fixed_Hunk,7
3194,Buggy_Hunk,11
3195,Fixed_Hunk,11
3196,Buggy_Hunk,7
3197,Fixed_Hunk,7
3198,Buggy_Hunk,11
3199,Fixed_Hunk,9
3200,Buggy_Hunk,10
3201,Fixed_Hunk,6
3202,Buggy_Hunk,12
3203,Fixed_Hunk,12
3204,Buggy_Hunk,17
3205,Fixed_Hunk,22
3206,Buggy_Hunk,7
3207,Fixed_Hunk,7
3208,Buggy_Hunk,12
3209,Fixed_Hunk,12
3210,Buggy_Hunk,6
3211,Fixed_Hunk,8
3212,Buggy_Hunk,7
3213,Fixed_Hunk,7
3214,Buggy_Hunk,7
3215,Fixed_Hunk,7
3216,Buggy_Hunk,12
3217,Fixed_Hunk,6
3218,Buggy_Hunk,45
3219,Fixed_Hunk,64
3220,Buggy_Hunk,9
3221,Fixed_Hunk,10
3222,Buggy_Hunk,10
3223,Fixed_Hunk,10
3224,Buggy_Hunk,9
3225,Fixed_Hunk,9
3226,Buggy_Hunk,7
3227,Fixed_Hunk,7
3228,Buggy_Hunk,23
3229,Fixed_Hunk,24
3230,Buggy_Hunk,7
3231,Fixed_Hunk,7
3232,Buggy_Hunk,7
3233,Fixed_Hunk,7
3234,Buggy_Hunk,10
3235,Fixed_Hunk,10
3236,Buggy_Hunk,10
3237,Fixed_Hunk,10
3238,Buggy_Hunk,92
3239,Fixed_Hunk,92
3240,Buggy_Hunk,45
3241,Fixed_Hunk,45
3242,Buggy_Hunk,9
3243,Fixed_Hunk,11
3244,Buggy_Hunk,20
3245,Fixed_Hunk,19
3246,Buggy_Hunk,7
3247,Fixed_Hunk,6
3248,Buggy_Hunk,42
3249,Fixed_Hunk,48
3250,Buggy_Hunk,6
3251,Fixed_Hunk,7
3252,Buggy_Hunk,8
3253,Fixed_Hunk,6
3254,Buggy_Hunk,7
3255,Fixed_Hunk,7
3256,Buggy_Hunk,12
3257,Fixed_Hunk,10
3258,Buggy_Hunk,36
3259,Fixed_Hunk,26
3260,Buggy_Hunk,8
3261,Fixed_Hunk,12
3262,Buggy_Hunk,15
3263,Fixed_Hunk,15
3264,Buggy_Hunk,8
3265,Fixed_Hunk,12
3266,Buggy_Hunk,8
3267,Fixed_Hunk,8
3268,Buggy_Hunk,10
3269,Fixed_Hunk,10
3270,Buggy_Hunk,11
3271,Fixed_Hunk,11
3272,Buggy_Hunk,45
3273,Fixed_Hunk,45
3274,Buggy_Hunk,61
3275,Fixed_Hunk,61
3276,Buggy_Hunk,9
3277,Fixed_Hunk,6
3278,Buggy_Hunk,9
3279,Fixed_Hunk,10
3280,Buggy_Hunk,7
3281,Fixed_Hunk,7
3282,Buggy_Hunk,460
3283,Fixed_Hunk,460
3284,Buggy_Hunk,16
3285,Fixed_Hunk,16
3286,Buggy_Hunk,29
3287,Fixed_Hunk,29
3288,Buggy_Hunk,64
3289,Fixed_Hunk,64
3290,Buggy_Hunk,8
3291,Fixed_Hunk,8
3292,Buggy_Hunk,11
3293,Fixed_Hunk,13
3294,Buggy_Hunk,6
3295,Fixed_Hunk,7
3296,Buggy_Hunk,13
3297,Fixed_Hunk,10
3298,Buggy_Hunk,6
3299,Fixed_Hunk,12
3300,Buggy_Hunk,7
3301,Fixed_Hunk,8
3302,Buggy_Hunk,13
3303,Fixed_Hunk,13
3304,Buggy_Hunk,24
3305,Fixed_Hunk,24
3306,Buggy_Hunk,18
3307,Fixed_Hunk,18
3308,Buggy_Hunk,7
3309,Fixed_Hunk,7
3310,Buggy_Hunk,7
3311,Fixed_Hunk,7
3312,Buggy_Hunk,8
3313,Fixed_Hunk,12
3314,Buggy_Hunk,15
3315,Fixed_Hunk,17
3316,Buggy_Hunk,33
3317,Fixed_Hunk,32
3318,Buggy_Hunk,8
3319,Fixed_Hunk,9
3320,Buggy_Hunk,11
3321,Fixed_Hunk,9
3322,Buggy_Hunk,22
3323,Fixed_Hunk,24
3324,Buggy_Hunk,17
3325,Fixed_Hunk,15
3326,Buggy_Hunk,29
3327,Fixed_Hunk,20
3328,Buggy_Hunk,61
3329,Fixed_Hunk,50
3330,Buggy_Hunk,16
3331,Fixed_Hunk,31
3332,Buggy_Hunk,7
3333,Fixed_Hunk,7
3334,Buggy_Hunk,16
3335,Fixed_Hunk,15
3336,Buggy_Hunk,20
3337,Fixed_Hunk,21
3338,Buggy_Hunk,7
3339,Fixed_Hunk,6
3340,Buggy_Hunk,6
3341,Fixed_Hunk,9
3342,Buggy_Hunk,40
3343,Fixed_Hunk,41
3344,Buggy_Hunk,6
3345,Fixed_Hunk,7
3346,Buggy_Hunk,9
3347,Fixed_Hunk,9
3348,Buggy_Hunk,10
3349,Fixed_Hunk,6
3350,Buggy_Hunk,6
3351,Fixed_Hunk,7
3352,Buggy_Hunk,7
3353,Fixed_Hunk,6
3354,Buggy_Hunk,7
3355,Fixed_Hunk,7
3356,Buggy_Hunk,6
3357,Fixed_Hunk,11
3358,Buggy_Hunk,6
3359,Fixed_Hunk,42
3360,Buggy_Hunk,7
3361,Fixed_Hunk,11
3362,Buggy_Hunk,9
3363,Fixed_Hunk,9
3364,Buggy_Hunk,7
3365,Fixed_Hunk,7
3366,Buggy_Hunk,10
3367,Fixed_Hunk,12
3368,Buggy_Hunk,8
3369,Fixed_Hunk,8
3370,Buggy_Hunk,7
3371,Fixed_Hunk,7
3372,Buggy_Hunk,7
3373,Fixed_Hunk,8
3374,Buggy_Hunk,6
3375,Fixed_Hunk,7
3376,Buggy_Hunk,6
3377,Fixed_Hunk,8
3378,Buggy_Hunk,8
3379,Fixed_Hunk,10
3380,Buggy_Hunk,6
3381,Fixed_Hunk,7
3382,Buggy_Hunk,9
3383,Fixed_Hunk,37
3384,Buggy_Hunk,18
3385,Fixed_Hunk,39
3386,Buggy_Hunk,7
3387,Fixed_Hunk,7
3388,Buggy_Hunk,8
3389,Fixed_Hunk,13
3390,Buggy_Hunk,14
3391,Fixed_Hunk,14
3392,Buggy_Hunk,6
3393,Fixed_Hunk,9
3394,Buggy_Hunk,19
3395,Fixed_Hunk,19
3396,Buggy_Hunk,8
3397,Fixed_Hunk,20
3398,Buggy_Hunk,7
3399,Fixed_Hunk,7
3400,Buggy_Hunk,6
3401,Fixed_Hunk,14
3402,Buggy_Hunk,7
3403,Fixed_Hunk,7
3404,Buggy_Hunk,9
3405,Fixed_Hunk,9
3406,Buggy_Hunk,7
3407,Fixed_Hunk,7
3408,Buggy_Hunk,6
3409,Fixed_Hunk,7
3410,Buggy_Hunk,7
3411,Fixed_Hunk,8
3412,Buggy_Hunk,27
3413,Fixed_Hunk,54
3414,Buggy_Hunk,6
3415,Fixed_Hunk,7
3416,Buggy_Hunk,7
3417,Fixed_Hunk,13
3418,Buggy_Hunk,16
3419,Fixed_Hunk,33
3420,Buggy_Hunk,6
3421,Fixed_Hunk,17
3422,Buggy_Hunk,8
3423,Fixed_Hunk,8
3424,Buggy_Hunk,6
3425,Fixed_Hunk,15
3426,Buggy_Hunk,7
3427,Fixed_Hunk,7
3428,Buggy_Hunk,6
3429,Fixed_Hunk,34
3430,Buggy_Hunk,50
3431,Fixed_Hunk,89
3432,Buggy_Hunk,6
3433,Fixed_Hunk,7
3434,Buggy_Hunk,12
3435,Fixed_Hunk,25
3436,Buggy_Hunk,36
3437,Fixed_Hunk,24
3438,Buggy_Hunk,16
3439,Fixed_Hunk,16
3440,Buggy_Hunk,16
3441,Fixed_Hunk,17
3442,Buggy_Hunk,6
3443,Fixed_Hunk,7
3444,Buggy_Hunk,6
3445,Fixed_Hunk,7
3446,Buggy_Hunk,12
3447,Fixed_Hunk,13
3448,Buggy_Hunk,22
3449,Fixed_Hunk,22
3450,Buggy_Hunk,17
3451,Fixed_Hunk,15
3452,Buggy_Hunk,8
3453,Fixed_Hunk,16
3454,Buggy_Hunk,4
3455,Fixed_Hunk,94
3456,Buggy_Hunk,7
3457,Fixed_Hunk,7
3458,Buggy_Hunk,7
3459,Fixed_Hunk,7
3460,Buggy_Hunk,7
3461,Fixed_Hunk,7
3462,Buggy_Hunk,10
3463,Fixed_Hunk,8
3464,Buggy_Hunk,7
3465,Fixed_Hunk,7
3466,Buggy_Hunk,16
3467,Fixed_Hunk,17
3468,Buggy_Hunk,6
3469,Fixed_Hunk,15
3470,Buggy_Hunk,8
3471,Fixed_Hunk,9
3472,Buggy_Hunk,7
3473,Fixed_Hunk,7
3474,Buggy_Hunk,6
3475,Fixed_Hunk,7
3476,Buggy_Hunk,12
3477,Fixed_Hunk,11
3478,Buggy_Hunk,46
3479,Fixed_Hunk,52
3480,Buggy_Hunk,8
3481,Fixed_Hunk,10
3482,Buggy_Hunk,8
3483,Fixed_Hunk,11
3484,Buggy_Hunk,6
3485,Fixed_Hunk,7
3486,Buggy_Hunk,6
3487,Fixed_Hunk,7
3488,Buggy_Hunk,7
3489,Fixed_Hunk,9
3490,Buggy_Hunk,7
3491,Fixed_Hunk,8
3492,Buggy_Hunk,6
3493,Fixed_Hunk,7
3494,Buggy_Hunk,6
3495,Fixed_Hunk,8
3496,Buggy_Hunk,7
3497,Fixed_Hunk,7
3498,Buggy_Hunk,6
3499,Fixed_Hunk,8
3500,Buggy_Hunk,6
3501,Fixed_Hunk,12
3502,Buggy_Hunk,6
3503,Fixed_Hunk,8
3504,Buggy_Hunk,7
3505,Fixed_Hunk,37
3506,Buggy_Hunk,13
3507,Fixed_Hunk,13
3508,Buggy_Hunk,13
3509,Fixed_Hunk,23
3510,Buggy_Hunk,12
3511,Fixed_Hunk,26
3512,Buggy_Hunk,16
3513,Fixed_Hunk,26
3514,Buggy_Hunk,6
3515,Fixed_Hunk,9
3516,Buggy_Hunk,6
3517,Fixed_Hunk,13
3518,Buggy_Hunk,7
3519,Fixed_Hunk,6
3520,Buggy_Hunk,9
3521,Fixed_Hunk,9
3522,Buggy_Hunk,7
3523,Fixed_Hunk,7
3524,Buggy_Hunk,31
3525,Fixed_Hunk,31
3526,Buggy_Hunk,29
3527,Fixed_Hunk,29
3528,Buggy_Hunk,7
3529,Fixed_Hunk,7
3530,Buggy_Hunk,12
3531,Fixed_Hunk,12
3532,Buggy_Hunk,7
3533,Fixed_Hunk,7
3534,Buggy_Hunk,8
3535,Fixed_Hunk,8
3536,Buggy_Hunk,11
3537,Fixed_Hunk,11
3538,Buggy_Hunk,13
3539,Fixed_Hunk,13
3540,Buggy_Hunk,9
3541,Fixed_Hunk,9
3542,Buggy_Hunk,8
3543,Fixed_Hunk,8
3544,Buggy_Hunk,9
3545,Fixed_Hunk,9
3546,Buggy_Hunk,8
3547,Fixed_Hunk,8
3548,Buggy_Hunk,7
3549,Fixed_Hunk,7
3550,Buggy_Hunk,7
3551,Fixed_Hunk,7
3552,Buggy_Hunk,7
3553,Fixed_Hunk,7
3554,Buggy_Hunk,8
3555,Fixed_Hunk,8
3556,Buggy_Hunk,7
3557,Fixed_Hunk,7
3558,Buggy_Hunk,10
3559,Fixed_Hunk,10
3560,Buggy_Hunk,9
3561,Fixed_Hunk,9
3562,Buggy_Hunk,14
3563,Fixed_Hunk,14
3564,Buggy_Hunk,9
3565,Fixed_Hunk,9
3566,Buggy_Hunk,7
3567,Fixed_Hunk,7
3568,Buggy_Hunk,7
3569,Fixed_Hunk,7
3570,Buggy_Hunk,10
3571,Fixed_Hunk,10
3572,Buggy_Hunk,14
3573,Fixed_Hunk,15
3574,Buggy_Hunk,7
3575,Fixed_Hunk,7
3576,Buggy_Hunk,8
3577,Fixed_Hunk,8
3578,Buggy_Hunk,7
3579,Fixed_Hunk,7
3580,Buggy_Hunk,7
3581,Fixed_Hunk,7
3582,Buggy_Hunk,7
3583,Fixed_Hunk,7
3584,Buggy_Hunk,9
3585,Fixed_Hunk,9
3586,Buggy_Hunk,53
3587,Fixed_Hunk,53
3588,Buggy_Hunk,9
3589,Fixed_Hunk,9
3590,Buggy_Hunk,13
3591,Fixed_Hunk,13
3592,Buggy_Hunk,28
3593,Fixed_Hunk,28
3594,Buggy_Hunk,38
3595,Fixed_Hunk,38
3596,Buggy_Hunk,7
3597,Fixed_Hunk,7
3598,Buggy_Hunk,13
3599,Fixed_Hunk,13
3600,Buggy_Hunk,14
3601,Fixed_Hunk,14
3602,Buggy_Hunk,15
3603,Fixed_Hunk,15
3604,Buggy_Hunk,43
3605,Fixed_Hunk,43
3606,Buggy_Hunk,7
3607,Fixed_Hunk,7
3608,Buggy_Hunk,8
3609,Fixed_Hunk,8
3610,Buggy_Hunk,8
3611,Fixed_Hunk,8
3612,Buggy_Hunk,8
3613,Fixed_Hunk,8
3614,Buggy_Hunk,8
3615,Fixed_Hunk,8
3616,Buggy_Hunk,15
3617,Fixed_Hunk,15
3618,Buggy_Hunk,13
3619,Fixed_Hunk,13
3620,Buggy_Hunk,7
3621,Fixed_Hunk,7
3622,Buggy_Hunk,23
3623,Fixed_Hunk,23
3624,Buggy_Hunk,9
3625,Fixed_Hunk,9
3626,Buggy_Hunk,7
3627,Fixed_Hunk,7
3628,Buggy_Hunk,253
3629,Fixed_Hunk,254
3630,Buggy_Hunk,6
3631,Fixed_Hunk,7
3632,Buggy_Hunk,6
3633,Fixed_Hunk,7
3634,Buggy_Hunk,7
3635,Fixed_Hunk,7
3636,Buggy_Hunk,7
3637,Fixed_Hunk,12
3638,Buggy_Hunk,6
3639,Fixed_Hunk,7
3640,Buggy_Hunk,6
3641,Fixed_Hunk,7
3642,Buggy_Hunk,7
3643,Fixed_Hunk,7
3644,Buggy_Hunk,8
3645,Fixed_Hunk,8
3646,Buggy_Hunk,9
3647,Fixed_Hunk,13
3648,Buggy_Hunk,6
3649,Fixed_Hunk,7
3650,Buggy_Hunk,6
3651,Fixed_Hunk,7
3652,Buggy_Hunk,7
3653,Fixed_Hunk,9
3654,Buggy_Hunk,14
3655,Fixed_Hunk,21
3656,Buggy_Hunk,6
3657,Fixed_Hunk,7
3658,Buggy_Hunk,6
3659,Fixed_Hunk,8
3660,Buggy_Hunk,9
3661,Fixed_Hunk,9
3662,Buggy_Hunk,29
3663,Fixed_Hunk,29
3664,Buggy_Hunk,7
3665,Fixed_Hunk,7
3666,Buggy_Hunk,16
3667,Fixed_Hunk,16
3668,Buggy_Hunk,7
3669,Fixed_Hunk,7
3670,Buggy_Hunk,7
3671,Fixed_Hunk,7
3672,Buggy_Hunk,7
3673,Fixed_Hunk,7
3674,Buggy_Hunk,7
3675,Fixed_Hunk,7
3676,Buggy_Hunk,7
3677,Fixed_Hunk,7
3678,Buggy_Hunk,7
3679,Fixed_Hunk,7
3680,Buggy_Hunk,8
3681,Fixed_Hunk,8
3682,Buggy_Hunk,8
3683,Fixed_Hunk,8
3684,Buggy_Hunk,7
3685,Fixed_Hunk,7
3686,Buggy_Hunk,12
3687,Fixed_Hunk,9
3688,Buggy_Hunk,8
3689,Fixed_Hunk,11
3690,Buggy_Hunk,26
3691,Fixed_Hunk,35
3692,Buggy_Hunk,10
3693,Fixed_Hunk,10
3694,Buggy_Hunk,14
3695,Fixed_Hunk,13
3696,Buggy_Hunk,7
3697,Fixed_Hunk,7
3698,Buggy_Hunk,7
3699,Fixed_Hunk,7
3700,Buggy_Hunk,7
3701,Fixed_Hunk,7
3702,Buggy_Hunk,6
3703,Fixed_Hunk,8
3704,Buggy_Hunk,12
3705,Fixed_Hunk,12
3706,Buggy_Hunk,45
3707,Fixed_Hunk,39
3708,Buggy_Hunk,7
3709,Fixed_Hunk,7
3710,Buggy_Hunk,6
3711,Fixed_Hunk,7
3712,Buggy_Hunk,7
3713,Fixed_Hunk,7
3714,Buggy_Hunk,12
3715,Fixed_Hunk,13
3716,Buggy_Hunk,7
3717,Fixed_Hunk,9
3718,Buggy_Hunk,8
3719,Fixed_Hunk,8
3720,Buggy_Hunk,7
3721,Fixed_Hunk,6
3722,Buggy_Hunk,7
3723,Fixed_Hunk,6
3724,Buggy_Hunk,7
3725,Fixed_Hunk,9
3726,Buggy_Hunk,8
3727,Fixed_Hunk,8
3728,Buggy_Hunk,6
3729,Fixed_Hunk,7
3730,Buggy_Hunk,7
3731,Fixed_Hunk,6
3732,Buggy_Hunk,6
3733,Fixed_Hunk,7
3734,Buggy_Hunk,6
3735,Fixed_Hunk,8
3736,Buggy_Hunk,6
3737,Fixed_Hunk,12
3738,Buggy_Hunk,6
3739,Fixed_Hunk,12
3740,Buggy_Hunk,6
3741,Fixed_Hunk,8
3742,Buggy_Hunk,6
3743,Fixed_Hunk,12
3744,Buggy_Hunk,6
3745,Fixed_Hunk,12
3746,Buggy_Hunk,7
3747,Fixed_Hunk,8
3748,Buggy_Hunk,7
3749,Fixed_Hunk,7
3750,Buggy_Hunk,6
3751,Fixed_Hunk,14
3752,Buggy_Hunk,6
3753,Fixed_Hunk,8
3754,Buggy_Hunk,6
3755,Fixed_Hunk,8
3756,Buggy_Hunk,6
3757,Fixed_Hunk,8
3758,Buggy_Hunk,7
3759,Fixed_Hunk,7
3760,Buggy_Hunk,7
3761,Fixed_Hunk,7
3762,Buggy_Hunk,7
3763,Fixed_Hunk,7
3764,Buggy_Hunk,10
3765,Fixed_Hunk,9
3766,Buggy_Hunk,7
3767,Fixed_Hunk,6
3768,Buggy_Hunk,6
3769,Fixed_Hunk,7
3770,Buggy_Hunk,12
3771,Fixed_Hunk,11
3772,Buggy_Hunk,9
3773,Fixed_Hunk,8
3774,Buggy_Hunk,6
3775,Fixed_Hunk,9
3776,Buggy_Hunk,9
3777,Fixed_Hunk,6
3778,Buggy_Hunk,7
3779,Fixed_Hunk,7
3780,Buggy_Hunk,7
3781,Fixed_Hunk,7
3782,Buggy_Hunk,7
3783,Fixed_Hunk,7
3784,Buggy_Hunk,10
3785,Fixed_Hunk,6
3786,Buggy_Hunk,8
3787,Fixed_Hunk,7
3788,Buggy_Hunk,7
3789,Fixed_Hunk,7
3790,Buggy_Hunk,7
3791,Fixed_Hunk,6
3792,Buggy_Hunk,6
3793,Fixed_Hunk,7
3794,Buggy_Hunk,7
3795,Fixed_Hunk,8
3796,Buggy_Hunk,7
3797,Fixed_Hunk,7
3798,Buggy_Hunk,6
3799,Fixed_Hunk,7
3800,Buggy_Hunk,7
3801,Fixed_Hunk,7
3802,Buggy_Hunk,6
3803,Fixed_Hunk,7
3804,Buggy_Hunk,7
3805,Fixed_Hunk,7
3806,Buggy_Hunk,8
3807,Fixed_Hunk,12
3808,Buggy_Hunk,7
3809,Fixed_Hunk,6
3810,Buggy_Hunk,9
3811,Fixed_Hunk,9
3812,Buggy_Hunk,11
3813,Fixed_Hunk,17
3814,Buggy_Hunk,50
3815,Fixed_Hunk,31
3816,Buggy_Hunk,7
3817,Fixed_Hunk,6
3818,Buggy_Hunk,14
3819,Fixed_Hunk,17
3820,Buggy_Hunk,61
3821,Fixed_Hunk,44
3822,Buggy_Hunk,7
3823,Fixed_Hunk,7
3824,Buggy_Hunk,6
3825,Fixed_Hunk,7
3826,Buggy_Hunk,7
3827,Fixed_Hunk,7
3828,Buggy_Hunk,6
3829,Fixed_Hunk,33
3830,Buggy_Hunk,25
3831,Fixed_Hunk,30
3832,Buggy_Hunk,7
3833,Fixed_Hunk,7
3834,Buggy_Hunk,7
3835,Fixed_Hunk,7
3836,Buggy_Hunk,16
3837,Fixed_Hunk,11
3838,Buggy_Hunk,7
3839,Fixed_Hunk,7
3840,Buggy_Hunk,32
3841,Fixed_Hunk,32
3842,Buggy_Hunk,7
3843,Fixed_Hunk,8
3844,Buggy_Hunk,25
3845,Fixed_Hunk,27
3846,Buggy_Hunk,6
3847,Fixed_Hunk,8
3848,Buggy_Hunk,13
3849,Fixed_Hunk,14
3850,Buggy_Hunk,28
3851,Fixed_Hunk,30
3852,Buggy_Hunk,6
3853,Fixed_Hunk,8
3854,Buggy_Hunk,19
3855,Fixed_Hunk,19
3856,Buggy_Hunk,8
3857,Fixed_Hunk,8
3858,Buggy_Hunk,8
3859,Fixed_Hunk,8
3860,Buggy_Hunk,6
3861,Fixed_Hunk,7
3862,Buggy_Hunk,6
3863,Fixed_Hunk,7
3864,Buggy_Hunk,6
3865,Fixed_Hunk,10
3866,Buggy_Hunk,7
3867,Fixed_Hunk,8
3868,Buggy_Hunk,7
3869,Fixed_Hunk,7
3870,Buggy_Hunk,7
3871,Fixed_Hunk,7
3872,Buggy_Hunk,12
3873,Fixed_Hunk,12
3874,Buggy_Hunk,7
3875,Fixed_Hunk,7
3876,Buggy_Hunk,7
3877,Fixed_Hunk,7
3878,Buggy_Hunk,10
3879,Fixed_Hunk,15
3880,Buggy_Hunk,7
3881,Fixed_Hunk,7
3882,Buggy_Hunk,14
3883,Fixed_Hunk,13
3884,Buggy_Hunk,9
3885,Fixed_Hunk,12
3886,Buggy_Hunk,12
3887,Fixed_Hunk,12
3888,Buggy_Hunk,7
3889,Fixed_Hunk,7
3890,Buggy_Hunk,7
3891,Fixed_Hunk,7
3892,Buggy_Hunk,6
3893,Fixed_Hunk,7
3894,Buggy_Hunk,12
3895,Fixed_Hunk,11
3896,Buggy_Hunk,6
3897,Fixed_Hunk,7
3898,Buggy_Hunk,7
3899,Fixed_Hunk,7
3900,Buggy_Hunk,6
3901,Fixed_Hunk,7
3902,Buggy_Hunk,11
3903,Fixed_Hunk,10
3904,Buggy_Hunk,7
3905,Fixed_Hunk,7
3906,Buggy_Hunk,7
3907,Fixed_Hunk,7
3908,Buggy_Hunk,7
3909,Fixed_Hunk,7
3910,Buggy_Hunk,34
3911,Fixed_Hunk,33
3912,Buggy_Hunk,12
3913,Fixed_Hunk,16
3914,Buggy_Hunk,9
3915,Fixed_Hunk,6
3916,Buggy_Hunk,10
3917,Fixed_Hunk,9
3918,Buggy_Hunk,10
3919,Fixed_Hunk,10
3920,Buggy_Hunk,7
3921,Fixed_Hunk,7
3922,Buggy_Hunk,12
3923,Fixed_Hunk,11
3924,Buggy_Hunk,34
3925,Fixed_Hunk,33
3926,Buggy_Hunk,8
3927,Fixed_Hunk,7
3928,Buggy_Hunk,26
3929,Fixed_Hunk,24
3930,Buggy_Hunk,7
3931,Fixed_Hunk,7
3932,Buggy_Hunk,8
3933,Fixed_Hunk,7
3934,Buggy_Hunk,13
3935,Fixed_Hunk,13
3936,Buggy_Hunk,6
3937,Fixed_Hunk,8
3938,Buggy_Hunk,43
3939,Fixed_Hunk,51
3940,Buggy_Hunk,6
3941,Fixed_Hunk,12
3942,Buggy_Hunk,6
3943,Fixed_Hunk,8
3944,Buggy_Hunk,6
3945,Fixed_Hunk,12
3946,Buggy_Hunk,6
3947,Fixed_Hunk,12
3948,Buggy_Hunk,7
3949,Fixed_Hunk,7
3950,Buggy_Hunk,7
3951,Fixed_Hunk,7
3952,Buggy_Hunk,8
3953,Fixed_Hunk,8
3954,Buggy_Hunk,23
3955,Fixed_Hunk,24
3956,Buggy_Hunk,19
3957,Fixed_Hunk,19
3958,Buggy_Hunk,7
3959,Fixed_Hunk,7
3960,Buggy_Hunk,9
3961,Fixed_Hunk,9
3962,Buggy_Hunk,7
3963,Fixed_Hunk,7
3964,Buggy_Hunk,11
3965,Fixed_Hunk,11
3966,Buggy_Hunk,21
3967,Fixed_Hunk,8
3968,Buggy_Hunk,7
3969,Fixed_Hunk,7
3970,Buggy_Hunk,14
3971,Fixed_Hunk,14
3972,Buggy_Hunk,7
3973,Fixed_Hunk,7
3974,Buggy_Hunk,7
3975,Fixed_Hunk,7
3976,Buggy_Hunk,7
3977,Fixed_Hunk,7
3978,Buggy_Hunk,7
3979,Fixed_Hunk,7
3980,Buggy_Hunk,11
3981,Fixed_Hunk,11
3982,Buggy_Hunk,47
3983,Fixed_Hunk,6
3984,Buggy_Hunk,49
3985,Fixed_Hunk,43
3986,Buggy_Hunk,11
3987,Fixed_Hunk,15
3988,Buggy_Hunk,6
3989,Fixed_Hunk,8
3990,Buggy_Hunk,7
3991,Fixed_Hunk,7
3992,Buggy_Hunk,8
3993,Fixed_Hunk,12
3994,Buggy_Hunk,6
3995,Fixed_Hunk,21
3996,Buggy_Hunk,7
3997,Fixed_Hunk,7
3998,Buggy_Hunk,7
3999,Fixed_Hunk,7
4000,Buggy_Hunk,11
4001,Fixed_Hunk,60
4002,Buggy_Hunk,6
4003,Fixed_Hunk,6
4004,Buggy_Hunk,7
4005,Fixed_Hunk,7
4006,Buggy_Hunk,18
4007,Fixed_Hunk,18
4008,Buggy_Hunk,61
4009,Fixed_Hunk,61
4010,Buggy_Hunk,14
4011,Fixed_Hunk,14
4012,Buggy_Hunk,13
4013,Fixed_Hunk,13
4014,Buggy_Hunk,23
4015,Fixed_Hunk,23
4016,Buggy_Hunk,41
4017,Fixed_Hunk,41
4018,Buggy_Hunk,10
4019,Fixed_Hunk,10
4020,Buggy_Hunk,24
4021,Fixed_Hunk,24
4022,Buggy_Hunk,14
4023,Fixed_Hunk,14
4024,Buggy_Hunk,15
4025,Fixed_Hunk,15
4026,Buggy_Hunk,43
4027,Fixed_Hunk,43
4028,Buggy_Hunk,7
4029,Fixed_Hunk,7
4030,Buggy_Hunk,8
4031,Fixed_Hunk,8
4032,Buggy_Hunk,9
4033,Fixed_Hunk,9
4034,Buggy_Hunk,8
4035,Fixed_Hunk,8
4036,Buggy_Hunk,15
4037,Fixed_Hunk,15
4038,Buggy_Hunk,13
4039,Fixed_Hunk,13
4040,Buggy_Hunk,7
4041,Fixed_Hunk,7
4042,Buggy_Hunk,23
4043,Fixed_Hunk,23
4044,Buggy_Hunk,9
4045,Fixed_Hunk,9
4046,Buggy_Hunk,7
4047,Fixed_Hunk,7
4048,Buggy_Hunk,274
4049,Fixed_Hunk,269
4050,Buggy_Hunk,7
4051,Fixed_Hunk,7
4052,Buggy_Hunk,11
4053,Fixed_Hunk,14
4054,Buggy_Hunk,7
4055,Fixed_Hunk,7
4056,Buggy_Hunk,15
4057,Fixed_Hunk,18
4058,Buggy_Hunk,12
4059,Fixed_Hunk,14
4060,Buggy_Hunk,7
4061,Fixed_Hunk,7
4062,Buggy_Hunk,6
4063,Fixed_Hunk,7
4064,Buggy_Hunk,6
4065,Fixed_Hunk,7
4066,Buggy_Hunk,7
4067,Fixed_Hunk,8
4068,Buggy_Hunk,8
4069,Fixed_Hunk,8
4070,Buggy_Hunk,7
4071,Fixed_Hunk,7
4072,Buggy_Hunk,6
4073,Fixed_Hunk,8
4074,Buggy_Hunk,6
4075,Fixed_Hunk,7
4076,Buggy_Hunk,9
4077,Fixed_Hunk,14
4078,Buggy_Hunk,9
4079,Fixed_Hunk,15
4080,Buggy_Hunk,15
4081,Fixed_Hunk,11
4082,Buggy_Hunk,8
4083,Fixed_Hunk,6
4084,Buggy_Hunk,7
4085,Fixed_Hunk,7
4086,Buggy_Hunk,8
4087,Fixed_Hunk,7
4088,Buggy_Hunk,10
4089,Fixed_Hunk,9
4090,Buggy_Hunk,6
4091,Fixed_Hunk,10
4092,Buggy_Hunk,16
4093,Fixed_Hunk,6
4094,Buggy_Hunk,7
4095,Fixed_Hunk,6
4096,Buggy_Hunk,8
4097,Fixed_Hunk,7
4098,Buggy_Hunk,7
4099,Fixed_Hunk,6
4100,Buggy_Hunk,7
4101,Fixed_Hunk,6
4102,Buggy_Hunk,7
4103,Fixed_Hunk,6
4104,Buggy_Hunk,9
4105,Fixed_Hunk,9
4106,Buggy_Hunk,9
4107,Fixed_Hunk,9
4108,Buggy_Hunk,7
4109,Fixed_Hunk,7
4110,Buggy_Hunk,7
4111,Fixed_Hunk,6
4112,Buggy_Hunk,7
4113,Fixed_Hunk,7
4114,Buggy_Hunk,6
4115,Fixed_Hunk,7
4116,Buggy_Hunk,6
4117,Fixed_Hunk,7
4118,Buggy_Hunk,11
4119,Fixed_Hunk,11
4120,Buggy_Hunk,6
4121,Fixed_Hunk,7
4122,Buggy_Hunk,10
4123,Fixed_Hunk,15
4124,Buggy_Hunk,9
4125,Fixed_Hunk,11
4126,Buggy_Hunk,7
4127,Fixed_Hunk,7
4128,Buggy_Hunk,6
4129,Fixed_Hunk,7
4130,Buggy_Hunk,7
4131,Fixed_Hunk,7
4132,Buggy_Hunk,15
4133,Fixed_Hunk,7
4134,Buggy_Hunk,12
4135,Fixed_Hunk,16
4136,Buggy_Hunk,9
4137,Fixed_Hunk,9
4138,Buggy_Hunk,7
4139,Fixed_Hunk,7
4140,Buggy_Hunk,25
4141,Fixed_Hunk,25
4142,Buggy_Hunk,7
4143,Fixed_Hunk,7
4144,Buggy_Hunk,7
4145,Fixed_Hunk,7
4146,Buggy_Hunk,7
4147,Fixed_Hunk,9
4148,Buggy_Hunk,8
4149,Fixed_Hunk,8
4150,Buggy_Hunk,10
4151,Fixed_Hunk,12
4152,Buggy_Hunk,7
4153,Fixed_Hunk,7
4154,Buggy_Hunk,7
4155,Fixed_Hunk,7
4156,Buggy_Hunk,8
4157,Fixed_Hunk,8
4158,Buggy_Hunk,8
4159,Fixed_Hunk,8
4160,Buggy_Hunk,7
4161,Fixed_Hunk,6
4162,Buggy_Hunk,7
4163,Fixed_Hunk,6
4164,Buggy_Hunk,7
4165,Fixed_Hunk,7
4166,Buggy_Hunk,12
4167,Fixed_Hunk,10
4168,Buggy_Hunk,12
4169,Fixed_Hunk,12
4170,Buggy_Hunk,6
4171,Fixed_Hunk,7
4172,Buggy_Hunk,7
4173,Fixed_Hunk,7
4174,Buggy_Hunk,10
4175,Fixed_Hunk,8
4176,Buggy_Hunk,10
4177,Fixed_Hunk,12
4178,Buggy_Hunk,11
4179,Fixed_Hunk,13
4180,Buggy_Hunk,6
4181,Fixed_Hunk,9
4182,Buggy_Hunk,28
4183,Fixed_Hunk,27
4184,Buggy_Hunk,14
4185,Fixed_Hunk,14
4186,Buggy_Hunk,6
4187,Fixed_Hunk,9
4188,Buggy_Hunk,8
4189,Fixed_Hunk,8
4190,Buggy_Hunk,6
4191,Fixed_Hunk,7
4192,Buggy_Hunk,6
4193,Fixed_Hunk,9
4194,Buggy_Hunk,6
4195,Fixed_Hunk,15
4196,Buggy_Hunk,15
4197,Fixed_Hunk,19
4198,Buggy_Hunk,14
4199,Fixed_Hunk,14
4200,Buggy_Hunk,11
4201,Fixed_Hunk,12
4202,Buggy_Hunk,7
4203,Fixed_Hunk,7
4204,Buggy_Hunk,6
4205,Fixed_Hunk,8
4206,Buggy_Hunk,8
4207,Fixed_Hunk,6
4208,Buggy_Hunk,6
4209,Fixed_Hunk,7
4210,Buggy_Hunk,10
4211,Fixed_Hunk,12
4212,Buggy_Hunk,9
4213,Fixed_Hunk,6
4214,Buggy_Hunk,10
4215,Fixed_Hunk,11
4216,Buggy_Hunk,13
4217,Fixed_Hunk,14
4218,Buggy_Hunk,6
4219,Fixed_Hunk,7
4220,Buggy_Hunk,6
4221,Fixed_Hunk,7
4222,Buggy_Hunk,9
4223,Fixed_Hunk,9
4224,Buggy_Hunk,7
4225,Fixed_Hunk,7
4226,Buggy_Hunk,7
4227,Fixed_Hunk,7
4228,Buggy_Hunk,7
4229,Fixed_Hunk,7
4230,Buggy_Hunk,14
4231,Fixed_Hunk,26
4232,Buggy_Hunk,14
4233,Fixed_Hunk,7
4234,Buggy_Hunk,6
4235,Fixed_Hunk,7
4236,Buggy_Hunk,12
4237,Fixed_Hunk,12
4238,Buggy_Hunk,7
4239,Fixed_Hunk,7
4240,Buggy_Hunk,33
4241,Fixed_Hunk,33
4242,Buggy_Hunk,8
4243,Fixed_Hunk,8
4244,Buggy_Hunk,35
4245,Fixed_Hunk,35
4246,Buggy_Hunk,8
4247,Fixed_Hunk,8
4248,Buggy_Hunk,7
4249,Fixed_Hunk,7
4250,Buggy_Hunk,11
4251,Fixed_Hunk,11
4252,Buggy_Hunk,50
4253,Fixed_Hunk,50
4254,Buggy_Hunk,7
4255,Fixed_Hunk,7
4256,Buggy_Hunk,7
4257,Fixed_Hunk,8
4258,Buggy_Hunk,6
4259,Fixed_Hunk,8
4260,Buggy_Hunk,6
4261,Fixed_Hunk,8
4262,Buggy_Hunk,13
4263,Fixed_Hunk,14
4264,Buggy_Hunk,28
4265,Fixed_Hunk,30
4266,Buggy_Hunk,6
4267,Fixed_Hunk,8
4268,Buggy_Hunk,7
4269,Fixed_Hunk,6
4270,Buggy_Hunk,6
4271,Fixed_Hunk,9
4272,Buggy_Hunk,6
4273,Fixed_Hunk,7
4274,Buggy_Hunk,8
4275,Fixed_Hunk,10
4276,Buggy_Hunk,12
4277,Fixed_Hunk,16
4278,Buggy_Hunk,7
4279,Fixed_Hunk,7
4280,Buggy_Hunk,6
4281,Fixed_Hunk,9
4282,Buggy_Hunk,6
4283,Fixed_Hunk,13
4284,Buggy_Hunk,7
4285,Fixed_Hunk,6
4286,Buggy_Hunk,6
4287,Fixed_Hunk,9
4288,Buggy_Hunk,9
4289,Fixed_Hunk,8
4290,Buggy_Hunk,6
4291,Fixed_Hunk,9
4292,Buggy_Hunk,10
4293,Fixed_Hunk,10
4294,Buggy_Hunk,7
4295,Fixed_Hunk,7
4296,Buggy_Hunk,7
4297,Fixed_Hunk,7
4298,Buggy_Hunk,7
4299,Fixed_Hunk,7
4300,Buggy_Hunk,6
4301,Fixed_Hunk,8
4302,Buggy_Hunk,13
4303,Fixed_Hunk,10
4304,Buggy_Hunk,52
4305,Fixed_Hunk,26
4306,Buggy_Hunk,8
4307,Fixed_Hunk,9
4308,Buggy_Hunk,35
4309,Fixed_Hunk,21
4310,Buggy_Hunk,9
4311,Fixed_Hunk,10
4312,Buggy_Hunk,17
4313,Fixed_Hunk,12
4314,Buggy_Hunk,7
4315,Fixed_Hunk,7
4316,Buggy_Hunk,19
4317,Fixed_Hunk,30
4318,Buggy_Hunk,21
4319,Fixed_Hunk,21
4320,Buggy_Hunk,21
4321,Fixed_Hunk,21
4322,Buggy_Hunk,18
4323,Fixed_Hunk,18
4324,Buggy_Hunk,48
4325,Fixed_Hunk,47
4326,Buggy_Hunk,7
4327,Fixed_Hunk,7
4328,Buggy_Hunk,32
4329,Fixed_Hunk,32
4330,Buggy_Hunk,27
4331,Fixed_Hunk,27
4332,Buggy_Hunk,27
4333,Fixed_Hunk,27
4334,Buggy_Hunk,30
4335,Fixed_Hunk,30
4336,Buggy_Hunk,32
4337,Fixed_Hunk,32
4338,Buggy_Hunk,32
4339,Fixed_Hunk,32
4340,Buggy_Hunk,35
4341,Fixed_Hunk,35
4342,Buggy_Hunk,28
4343,Fixed_Hunk,28
4344,Buggy_Hunk,25
4345,Fixed_Hunk,25
4346,Buggy_Hunk,25
4347,Fixed_Hunk,25
4348,Buggy_Hunk,20
4349,Fixed_Hunk,20
4350,Buggy_Hunk,27
4351,Fixed_Hunk,27
4352,Buggy_Hunk,13
4353,Fixed_Hunk,15
4354,Buggy_Hunk,8
4355,Fixed_Hunk,8
4356,Buggy_Hunk,21
4357,Fixed_Hunk,22
4358,Buggy_Hunk,10
4359,Fixed_Hunk,9
4360,Buggy_Hunk,7
4361,Fixed_Hunk,7
4362,Buggy_Hunk,25
4363,Fixed_Hunk,25
4364,Buggy_Hunk,10
4365,Fixed_Hunk,15
4366,Buggy_Hunk,7
4367,Fixed_Hunk,7
4368,Buggy_Hunk,6
4369,Fixed_Hunk,11
4370,Buggy_Hunk,6
4371,Fixed_Hunk,7
4372,Buggy_Hunk,13
4373,Fixed_Hunk,13
4374,Buggy_Hunk,12
4375,Fixed_Hunk,15
4376,Buggy_Hunk,10
4377,Fixed_Hunk,9
4378,Buggy_Hunk,11
4379,Fixed_Hunk,11
4380,Buggy_Hunk,7
4381,Fixed_Hunk,7
4382,Buggy_Hunk,6
4383,Fixed_Hunk,7
4384,Buggy_Hunk,7
4385,Fixed_Hunk,7
4386,Buggy_Hunk,7
4387,Fixed_Hunk,11
4388,Buggy_Hunk,7
4389,Fixed_Hunk,7
4390,Buggy_Hunk,7
4391,Fixed_Hunk,11
4392,Buggy_Hunk,6
4393,Fixed_Hunk,9
4394,Buggy_Hunk,6
4395,Fixed_Hunk,9
4396,Buggy_Hunk,7
4397,Fixed_Hunk,7
4398,Buggy_Hunk,10
4399,Fixed_Hunk,15
4400,Buggy_Hunk,11
4401,Fixed_Hunk,14
4402,Buggy_Hunk,9
4403,Fixed_Hunk,20
4404,Buggy_Hunk,14
4405,Fixed_Hunk,21
4406,Buggy_Hunk,9
4407,Fixed_Hunk,21
4408,Buggy_Hunk,14
4409,Fixed_Hunk,20
4410,Buggy_Hunk,9
4411,Fixed_Hunk,12
4412,Buggy_Hunk,7
4413,Fixed_Hunk,7
4414,Buggy_Hunk,6
4415,Fixed_Hunk,7
4416,Buggy_Hunk,11
4417,Fixed_Hunk,10
4418,Buggy_Hunk,6
4419,Fixed_Hunk,7
4420,Buggy_Hunk,6
4421,Fixed_Hunk,10
4422,Buggy_Hunk,7
4423,Fixed_Hunk,7
4424,Buggy_Hunk,7
4425,Fixed_Hunk,7
4426,Buggy_Hunk,16
4427,Fixed_Hunk,19
4428,Buggy_Hunk,7
4429,Fixed_Hunk,6
4430,Buggy_Hunk,23
4431,Fixed_Hunk,36
4432,Buggy_Hunk,6
4433,Fixed_Hunk,8
4434,Buggy_Hunk,29
4435,Fixed_Hunk,38
4436,Buggy_Hunk,9
4437,Fixed_Hunk,12
4438,Buggy_Hunk,9
4439,Fixed_Hunk,11
4440,Buggy_Hunk,10
4441,Fixed_Hunk,11
4442,Buggy_Hunk,7
4443,Fixed_Hunk,7
4444,Buggy_Hunk,7
4445,Fixed_Hunk,7
4446,Buggy_Hunk,14
4447,Fixed_Hunk,15
4448,Buggy_Hunk,11
4449,Fixed_Hunk,12
4450,Buggy_Hunk,15
4451,Fixed_Hunk,25
4452,Buggy_Hunk,6
4453,Fixed_Hunk,7
4454,Buggy_Hunk,7
4455,Fixed_Hunk,8
4456,Buggy_Hunk,7
4457,Fixed_Hunk,7
4458,Buggy_Hunk,7
4459,Fixed_Hunk,7
4460,Buggy_Hunk,7
4461,Fixed_Hunk,7
4462,Buggy_Hunk,11
4463,Fixed_Hunk,15
4464,Buggy_Hunk,6
4465,Fixed_Hunk,8
4466,Buggy_Hunk,7
4467,Fixed_Hunk,7
4468,Buggy_Hunk,7
4469,Fixed_Hunk,7
4470,Buggy_Hunk,27
4471,Fixed_Hunk,6
4472,Buggy_Hunk,6
4473,Fixed_Hunk,27
4474,Buggy_Hunk,7
4475,Fixed_Hunk,7
4476,Buggy_Hunk,17
4477,Fixed_Hunk,17
4478,Buggy_Hunk,7
4479,Fixed_Hunk,7
4480,Buggy_Hunk,19
4481,Fixed_Hunk,16
4482,Buggy_Hunk,6
4483,Fixed_Hunk,10
4484,Buggy_Hunk,6
4485,Fixed_Hunk,10
4486,Buggy_Hunk,6
4487,Fixed_Hunk,10
4488,Buggy_Hunk,6
4489,Fixed_Hunk,10
4490,Buggy_Hunk,6
4491,Fixed_Hunk,10
4492,Buggy_Hunk,6
4493,Fixed_Hunk,11
4494,Buggy_Hunk,6
4495,Fixed_Hunk,14
4496,Buggy_Hunk,7
4497,Fixed_Hunk,9
4498,Buggy_Hunk,7
4499,Fixed_Hunk,8
4500,Buggy_Hunk,7
4501,Fixed_Hunk,7
4502,Buggy_Hunk,6
4503,Fixed_Hunk,7
4504,Buggy_Hunk,7
4505,Fixed_Hunk,12
4506,Buggy_Hunk,6
4507,Fixed_Hunk,7
4508,Buggy_Hunk,24
4509,Fixed_Hunk,24
4510,Buggy_Hunk,7
4511,Fixed_Hunk,10
4512,Buggy_Hunk,7
4513,Fixed_Hunk,7
4514,Buggy_Hunk,6
4515,Fixed_Hunk,7
4516,Buggy_Hunk,6
4517,Fixed_Hunk,7
4518,Buggy_Hunk,12
4519,Fixed_Hunk,27
4520,Buggy_Hunk,6
4521,Fixed_Hunk,9
4522,Buggy_Hunk,8
4523,Fixed_Hunk,9
4524,Buggy_Hunk,14
4525,Fixed_Hunk,28
4526,Buggy_Hunk,7
4527,Fixed_Hunk,8
4528,Buggy_Hunk,6
4529,Fixed_Hunk,11
4530,Buggy_Hunk,15
4531,Fixed_Hunk,9
4532,Buggy_Hunk,8
4533,Fixed_Hunk,10
4534,Buggy_Hunk,7
4535,Fixed_Hunk,7
4536,Buggy_Hunk,8
4537,Fixed_Hunk,8
4538,Buggy_Hunk,5
4539,Fixed_Hunk,17
4540,Buggy_Hunk,6
4541,Fixed_Hunk,11
4542,Buggy_Hunk,9
4543,Fixed_Hunk,12
4544,Buggy_Hunk,4
4545,Fixed_Hunk,4
4546,Buggy_Hunk,9
4547,Fixed_Hunk,9
4548,Buggy_Hunk,7
4549,Fixed_Hunk,7
4550,Buggy_Hunk,14
4551,Fixed_Hunk,6
4552,Buggy_Hunk,9
4553,Fixed_Hunk,20
4554,Buggy_Hunk,6
4555,Fixed_Hunk,7
4556,Buggy_Hunk,11
4557,Fixed_Hunk,14
4558,Buggy_Hunk,7
4559,Fixed_Hunk,9
4560,Buggy_Hunk,7
4561,Fixed_Hunk,11
4562,Buggy_Hunk,11
4563,Fixed_Hunk,11
4564,Buggy_Hunk,6
4565,Fixed_Hunk,10
4566,Buggy_Hunk,7
4567,Fixed_Hunk,7
4568,Buggy_Hunk,7
4569,Fixed_Hunk,7
4570,Buggy_Hunk,6
4571,Fixed_Hunk,7
4572,Buggy_Hunk,9
4573,Fixed_Hunk,9
4574,Buggy_Hunk,9
4575,Fixed_Hunk,12
4576,Buggy_Hunk,9
4577,Fixed_Hunk,20
4578,Buggy_Hunk,60
4579,Fixed_Hunk,60
4580,Buggy_Hunk,18
4581,Fixed_Hunk,18
4582,Buggy_Hunk,8
4583,Fixed_Hunk,9
4584,Buggy_Hunk,13
4585,Fixed_Hunk,22
4586,Buggy_Hunk,6
4587,Fixed_Hunk,43
4588,Buggy_Hunk,6
4589,Fixed_Hunk,11
4590,Buggy_Hunk,27
4591,Fixed_Hunk,66
4592,Buggy_Hunk,6
4593,Fixed_Hunk,8
4594,Buggy_Hunk,26
4595,Fixed_Hunk,33
4596,Buggy_Hunk,7
4597,Fixed_Hunk,7
4598,Buggy_Hunk,6
4599,Fixed_Hunk,11
4600,Buggy_Hunk,6
4601,Fixed_Hunk,11
4602,Buggy_Hunk,6
4603,Fixed_Hunk,11
4604,Buggy_Hunk,8
4605,Fixed_Hunk,8
4606,Buggy_Hunk,8
4607,Fixed_Hunk,31
4608,Buggy_Hunk,19
4609,Fixed_Hunk,21
4610,Buggy_Hunk,36
4611,Fixed_Hunk,31
4612,Buggy_Hunk,10
4613,Fixed_Hunk,13
4614,Buggy_Hunk,17
4615,Fixed_Hunk,36
4616,Buggy_Hunk,6
4617,Fixed_Hunk,7
4618,Buggy_Hunk,23
4619,Fixed_Hunk,28
4620,Buggy_Hunk,7
4621,Fixed_Hunk,7
4622,Buggy_Hunk,7
4623,Fixed_Hunk,7
4624,Buggy_Hunk,13
4625,Fixed_Hunk,13
4626,Buggy_Hunk,7
4627,Fixed_Hunk,7
4628,Buggy_Hunk,7
4629,Fixed_Hunk,7
4630,Buggy_Hunk,7
4631,Fixed_Hunk,7
4632,Buggy_Hunk,7
4633,Fixed_Hunk,7
4634,Buggy_Hunk,7
4635,Fixed_Hunk,8
4636,Buggy_Hunk,7
4637,Fixed_Hunk,7
4638,Buggy_Hunk,7
4639,Fixed_Hunk,7
4640,Buggy_Hunk,6
4641,Fixed_Hunk,7
4642,Buggy_Hunk,6
4643,Fixed_Hunk,7
4644,Buggy_Hunk,7
4645,Fixed_Hunk,7
4646,Buggy_Hunk,6
4647,Fixed_Hunk,7
4648,Buggy_Hunk,6
4649,Fixed_Hunk,7
4650,Buggy_Hunk,7
4651,Fixed_Hunk,7
4652,Buggy_Hunk,5
4653,Fixed_Hunk,5
4654,Buggy_Hunk,7
4655,Fixed_Hunk,7
4656,Buggy_Hunk,7
4657,Fixed_Hunk,7
4658,Buggy_Hunk,7
4659,Fixed_Hunk,7
4660,Buggy_Hunk,7
4661,Fixed_Hunk,7
4662,Buggy_Hunk,7
4663,Fixed_Hunk,7
4664,Buggy_Hunk,7
4665,Fixed_Hunk,7
4666,Buggy_Hunk,7
4667,Fixed_Hunk,7
4668,Buggy_Hunk,13
4669,Fixed_Hunk,13
4670,Buggy_Hunk,36
4671,Fixed_Hunk,36
4672,Buggy_Hunk,22
4673,Fixed_Hunk,22
4674,Buggy_Hunk,9
4675,Fixed_Hunk,9
4676,Buggy_Hunk,9
4677,Fixed_Hunk,9
4678,Buggy_Hunk,6
4679,Fixed_Hunk,19
4680,Buggy_Hunk,10
4681,Fixed_Hunk,77
4682,Buggy_Hunk,7
4683,Fixed_Hunk,7
4684,Buggy_Hunk,7
4685,Fixed_Hunk,7
4686,Buggy_Hunk,12
4687,Fixed_Hunk,11
4688,Buggy_Hunk,34
4689,Fixed_Hunk,25
4690,Buggy_Hunk,6
4691,Fixed_Hunk,7
4692,Buggy_Hunk,11
4693,Fixed_Hunk,14
4694,Buggy_Hunk,6
4695,Fixed_Hunk,17
4696,Buggy_Hunk,7
4697,Fixed_Hunk,7
4698,Buggy_Hunk,11
4699,Fixed_Hunk,16
4700,Buggy_Hunk,19
4701,Fixed_Hunk,23
4702,Buggy_Hunk,12
4703,Fixed_Hunk,11
4704,Buggy_Hunk,12
4705,Fixed_Hunk,12
4706,Buggy_Hunk,6
4707,Fixed_Hunk,24
4708,Buggy_Hunk,20
4709,Fixed_Hunk,14
4710,Buggy_Hunk,21
4711,Fixed_Hunk,26
4712,Buggy_Hunk,7
4713,Fixed_Hunk,7
4714,Buggy_Hunk,16
4715,Fixed_Hunk,19
4716,Buggy_Hunk,7
4717,Fixed_Hunk,7
4718,Buggy_Hunk,14
4719,Fixed_Hunk,14
4720,Buggy_Hunk,7
4721,Fixed_Hunk,7
4722,Buggy_Hunk,11
4723,Fixed_Hunk,28
4724,Buggy_Hunk,6
4725,Fixed_Hunk,7
4726,Buggy_Hunk,6
4727,Fixed_Hunk,10
4728,Buggy_Hunk,7
4729,Fixed_Hunk,7
4730,Buggy_Hunk,7
4731,Fixed_Hunk,7
4732,Buggy_Hunk,7
4733,Fixed_Hunk,6
4734,Buggy_Hunk,7
4735,Fixed_Hunk,6
4736,Buggy_Hunk,7
4737,Fixed_Hunk,6
4738,Buggy_Hunk,7
4739,Fixed_Hunk,7
4740,Buggy_Hunk,7
4741,Fixed_Hunk,7
4742,Buggy_Hunk,7
4743,Fixed_Hunk,7
4744,Buggy_Hunk,7
4745,Fixed_Hunk,7
4746,Buggy_Hunk,28
4747,Fixed_Hunk,28
4748,Buggy_Hunk,7
4749,Fixed_Hunk,7
4750,Buggy_Hunk,7
4751,Fixed_Hunk,7
4752,Buggy_Hunk,7
4753,Fixed_Hunk,7
4754,Buggy_Hunk,11
4755,Fixed_Hunk,11
4756,Buggy_Hunk,7
4757,Fixed_Hunk,7
4758,Buggy_Hunk,7
4759,Fixed_Hunk,7
4760,Buggy_Hunk,7
4761,Fixed_Hunk,7
4762,Buggy_Hunk,8
4763,Fixed_Hunk,8
4764,Buggy_Hunk,7
4765,Fixed_Hunk,7
4766,Buggy_Hunk,9
4767,Fixed_Hunk,9
4768,Buggy_Hunk,7
4769,Fixed_Hunk,7
4770,Buggy_Hunk,10
4771,Fixed_Hunk,9
4772,Buggy_Hunk,7
4773,Fixed_Hunk,7
4774,Buggy_Hunk,8
4775,Fixed_Hunk,8
4776,Buggy_Hunk,7
4777,Fixed_Hunk,7
4778,Buggy_Hunk,7
4779,Fixed_Hunk,7
4780,Buggy_Hunk,7
4781,Fixed_Hunk,7
4782,Buggy_Hunk,7
4783,Fixed_Hunk,7
4784,Buggy_Hunk,7
4785,Fixed_Hunk,7
4786,Buggy_Hunk,7
4787,Fixed_Hunk,7
4788,Buggy_Hunk,11
4789,Fixed_Hunk,11
4790,Buggy_Hunk,7
4791,Fixed_Hunk,7
4792,Buggy_Hunk,5
4793,Fixed_Hunk,5
4794,Buggy_Hunk,7
4795,Fixed_Hunk,7
4796,Buggy_Hunk,20
4797,Fixed_Hunk,20
4798,Buggy_Hunk,7
4799,Fixed_Hunk,7
4800,Buggy_Hunk,7
4801,Fixed_Hunk,7
4802,Buggy_Hunk,7
4803,Fixed_Hunk,7
4804,Buggy_Hunk,7
4805,Fixed_Hunk,7
4806,Buggy_Hunk,7
4807,Fixed_Hunk,7
4808,Buggy_Hunk,7
4809,Fixed_Hunk,7
4810,Buggy_Hunk,6
4811,Fixed_Hunk,7
4812,Buggy_Hunk,6
4813,Fixed_Hunk,10
4814,Buggy_Hunk,10
4815,Fixed_Hunk,13
4816,Buggy_Hunk,44
4817,Fixed_Hunk,44
4818,Buggy_Hunk,10
4819,Fixed_Hunk,12
4820,Buggy_Hunk,10
4821,Fixed_Hunk,12
4822,Buggy_Hunk,6
4823,Fixed_Hunk,7
4824,Buggy_Hunk,45
4825,Fixed_Hunk,45
4826,Buggy_Hunk,7
4827,Fixed_Hunk,7
4828,Buggy_Hunk,20
4829,Fixed_Hunk,20
4830,Buggy_Hunk,7
4831,Fixed_Hunk,7
4832,Buggy_Hunk,8
4833,Fixed_Hunk,8
4834,Buggy_Hunk,7
4835,Fixed_Hunk,7
4836,Buggy_Hunk,7
4837,Fixed_Hunk,7
4838,Buggy_Hunk,7
4839,Fixed_Hunk,7
4840,Buggy_Hunk,7
4841,Fixed_Hunk,7
4842,Buggy_Hunk,20
4843,Fixed_Hunk,20
4844,Buggy_Hunk,7
4845,Fixed_Hunk,7
4846,Buggy_Hunk,7
4847,Fixed_Hunk,7
4848,Buggy_Hunk,7
4849,Fixed_Hunk,7
4850,Buggy_Hunk,7
4851,Fixed_Hunk,7
4852,Buggy_Hunk,20
4853,Fixed_Hunk,20
4854,Buggy_Hunk,7
4855,Fixed_Hunk,7
4856,Buggy_Hunk,7
4857,Fixed_Hunk,7
4858,Buggy_Hunk,7
4859,Fixed_Hunk,7
4860,Buggy_Hunk,7
4861,Fixed_Hunk,7
4862,Buggy_Hunk,20
4863,Fixed_Hunk,20
4864,Buggy_Hunk,7
4865,Fixed_Hunk,7
4866,Buggy_Hunk,10
4867,Fixed_Hunk,9
4868,Buggy_Hunk,6
4869,Fixed_Hunk,7
4870,Buggy_Hunk,33
4871,Fixed_Hunk,33
4872,Buggy_Hunk,14
4873,Fixed_Hunk,14
4874,Buggy_Hunk,7
4875,Fixed_Hunk,7
4876,Buggy_Hunk,9
4877,Fixed_Hunk,9
4878,Buggy_Hunk,9
4879,Fixed_Hunk,9
4880,Buggy_Hunk,7
4881,Fixed_Hunk,7
4882,Buggy_Hunk,7
4883,Fixed_Hunk,7
4884,Buggy_Hunk,33
4885,Fixed_Hunk,33
4886,Buggy_Hunk,11
4887,Fixed_Hunk,11
4888,Buggy_Hunk,8
4889,Fixed_Hunk,8
4890,Buggy_Hunk,10
4891,Fixed_Hunk,10
4892,Buggy_Hunk,10
4893,Fixed_Hunk,10
4894,Buggy_Hunk,12
4895,Fixed_Hunk,12
4896,Buggy_Hunk,13
4897,Fixed_Hunk,13
4898,Buggy_Hunk,55
4899,Fixed_Hunk,55
4900,Buggy_Hunk,7
4901,Fixed_Hunk,7
4902,Buggy_Hunk,10
4903,Fixed_Hunk,10
4904,Buggy_Hunk,12
4905,Fixed_Hunk,12
4906,Buggy_Hunk,9
4907,Fixed_Hunk,9
4908,Buggy_Hunk,14
4909,Fixed_Hunk,14
4910,Buggy_Hunk,41
4911,Fixed_Hunk,41
4912,Buggy_Hunk,9
4913,Fixed_Hunk,9
4914,Buggy_Hunk,35
4915,Fixed_Hunk,35
4916,Buggy_Hunk,9
4917,Fixed_Hunk,9
4918,Buggy_Hunk,20
4919,Fixed_Hunk,20
4920,Buggy_Hunk,34
4921,Fixed_Hunk,34
4922,Buggy_Hunk,7
4923,Fixed_Hunk,7
4924,Buggy_Hunk,7
4925,Fixed_Hunk,7
4926,Buggy_Hunk,12
4927,Fixed_Hunk,12
4928,Buggy_Hunk,9
4929,Fixed_Hunk,9
4930,Buggy_Hunk,10
4931,Fixed_Hunk,10
4932,Buggy_Hunk,9
4933,Fixed_Hunk,9
4934,Buggy_Hunk,35
4935,Fixed_Hunk,35
4936,Buggy_Hunk,9
4937,Fixed_Hunk,9
4938,Buggy_Hunk,55
4939,Fixed_Hunk,55
4940,Buggy_Hunk,7
4941,Fixed_Hunk,7
4942,Buggy_Hunk,7
4943,Fixed_Hunk,7
4944,Buggy_Hunk,12
4945,Fixed_Hunk,12
4946,Buggy_Hunk,9
4947,Fixed_Hunk,9
4948,Buggy_Hunk,10
4949,Fixed_Hunk,10
4950,Buggy_Hunk,9
4951,Fixed_Hunk,9
4952,Buggy_Hunk,20
4953,Fixed_Hunk,20
4954,Buggy_Hunk,14
4955,Fixed_Hunk,14
4956,Buggy_Hunk,9
4957,Fixed_Hunk,9
4958,Buggy_Hunk,55
4959,Fixed_Hunk,55
4960,Buggy_Hunk,7
4961,Fixed_Hunk,7
4962,Buggy_Hunk,7
4963,Fixed_Hunk,7
4964,Buggy_Hunk,12
4965,Fixed_Hunk,12
4966,Buggy_Hunk,9
4967,Fixed_Hunk,9
4968,Buggy_Hunk,8
4969,Fixed_Hunk,8
4970,Buggy_Hunk,19
4971,Fixed_Hunk,16
4972,Buggy_Hunk,12
4973,Fixed_Hunk,13
4974,Buggy_Hunk,7
4975,Fixed_Hunk,7
4976,Buggy_Hunk,8
4977,Fixed_Hunk,8
4978,Buggy_Hunk,8
4979,Fixed_Hunk,8
4980,Buggy_Hunk,7
4981,Fixed_Hunk,6
4982,Buggy_Hunk,7
4983,Fixed_Hunk,7
4984,Buggy_Hunk,7
4985,Fixed_Hunk,7
4986,Buggy_Hunk,7
4987,Fixed_Hunk,7
4988,Buggy_Hunk,7
4989,Fixed_Hunk,7
4990,Buggy_Hunk,7
4991,Fixed_Hunk,7
4992,Buggy_Hunk,28
4993,Fixed_Hunk,28
4994,Buggy_Hunk,7
4995,Fixed_Hunk,7
4996,Buggy_Hunk,7
4997,Fixed_Hunk,7
4998,Buggy_Hunk,7
4999,Fixed_Hunk,7
5000,Buggy_Hunk,7
5001,Fixed_Hunk,7
5002,Buggy_Hunk,7
5003,Fixed_Hunk,7
5004,Buggy_Hunk,7
5005,Fixed_Hunk,7
5006,Buggy_Hunk,7
5007,Fixed_Hunk,7
5008,Buggy_Hunk,7
5009,Fixed_Hunk,7
5010,Buggy_Hunk,8
5011,Fixed_Hunk,8
5012,Buggy_Hunk,7
5013,Fixed_Hunk,7
5014,Buggy_Hunk,9
5015,Fixed_Hunk,9
5016,Buggy_Hunk,7
5017,Fixed_Hunk,7
5018,Buggy_Hunk,10
5019,Fixed_Hunk,9
5020,Buggy_Hunk,7
5021,Fixed_Hunk,7
5022,Buggy_Hunk,8
5023,Fixed_Hunk,8
5024,Buggy_Hunk,7
5025,Fixed_Hunk,7
5026,Buggy_Hunk,7
5027,Fixed_Hunk,7
5028,Buggy_Hunk,7
5029,Fixed_Hunk,7
5030,Buggy_Hunk,7
5031,Fixed_Hunk,7
5032,Buggy_Hunk,7
5033,Fixed_Hunk,7
5034,Buggy_Hunk,7
5035,Fixed_Hunk,7
5036,Buggy_Hunk,11
5037,Fixed_Hunk,11
5038,Buggy_Hunk,7
5039,Fixed_Hunk,7
5040,Buggy_Hunk,5
5041,Fixed_Hunk,5
5042,Buggy_Hunk,7
5043,Fixed_Hunk,7
5044,Buggy_Hunk,19
5045,Fixed_Hunk,19
5046,Buggy_Hunk,15
5047,Fixed_Hunk,15
5048,Buggy_Hunk,19
5049,Fixed_Hunk,20
5050,Buggy_Hunk,7
5051,Fixed_Hunk,7
5052,Buggy_Hunk,18
5053,Fixed_Hunk,18
5054,Buggy_Hunk,10
5055,Fixed_Hunk,10
5056,Buggy_Hunk,18
5057,Fixed_Hunk,19
5058,Buggy_Hunk,7
5059,Fixed_Hunk,31
5060,Buggy_Hunk,13
5061,Fixed_Hunk,83
5062,Buggy_Hunk,22
5063,Fixed_Hunk,60
5064,Buggy_Hunk,15
5065,Fixed_Hunk,114
5066,Buggy_Hunk,12
5067,Fixed_Hunk,12
5068,Buggy_Hunk,9
5069,Fixed_Hunk,9
5070,Buggy_Hunk,7
5071,Fixed_Hunk,7
5072,Buggy_Hunk,7
5073,Fixed_Hunk,7
